national_grid_bm_unit,elexon_bm_unit,fuel_type
AG-ALIM02,2__AANGE001,OTHER
AG-ALIM03,2__AANGE002,OTHER
AG-ALIM04,2__AANGE003,OTHER
EAS-AXPO1,2__AAXPO000,OTHER
EAS-BGS01,2__ABGAS000,OTHER
EAS-BIZ01,2__ABIZZ000,OTHER
AG-AECO01,2__AECOT003,OTHER
EAS-EDF01,2__AEDFE000,OTHER
EAS-EDR01,2__AEDIR000,OTHER
EAS-PGE01,2__AEMEB000,OTHER
EAS-ENR01,2__AENRD000,OTHER
EAS-EON01,2__AEOND000,OTHER
AG-AFLX03,2__AFLEX003,OTHER
AG-AFLX04,2__AFLEX004,OTHER
AG-AFLX05,2__AFLEX005,OTHER
EAS-HVN01,2__AHAVE000,OTHER
EAS-HPW01,2__AHPOW000,OTHER
EAS-SSE01,2__AHYDE000,OTHER
EAS-ATL01,2__AIMPO000,OTHER
EAS-LON01,2__ALOND000,OTHER
AG-AEDF01,2__ALOND001,OTHER
EAS-MNW01,2__AMANW000,OTHER
EAS-MID01,2__AMIDE000,OTHER
EAS-OCT01,2__AMRCY000,OTHER
AG-AOCT01,2__AMRCY001,OTHER
EAS-NPE01,2__ANATP000,OTHER
EAS-OGA01,2__AOGAS000,OTHER
EAS-PGU01,2__APGEN000,OTHER
EAS-GDF01,2__ARWED000,OTHER
EAS-SEE01,2__ASEEB000,OTHER
EAS-SEL01,2__ASMAR000,OTHER
EAS-STH01,2__ASOUT000,OTHER
EAS-SPC01,2__ASPOW000,OTHER
AG-ASTK01,2__ASTAT001,OTHER
AG-ASTK02,2__ASTAT002,OTHER
AG-ASTK03,2__ASTAT003,OTHER
AG-ASTK04,2__ASTAT004,OTHER
AG-ASTK05,2__ASTAT005,OTHER
AG-ASTK06,2__ASTAT006,OTHER
AG-ASTK07,2__ASTAT007,OTHER
AG-ASTK08,2__ASTAT008,OTHER
AG-ASTK09,2__ASTAT009,OTHER
EAS-SWA01,2__ASWAE000,OTHER
EAS-SWT01,2__ASWEB000,OTHER
EAS-TFE01,2__ATGPL000,OTHER
AG-AUKP01,2__AUKPR001,OTHER
AG-BLIM02,2__BANGE001,OTHER
AG-BLIM03,2__BANGE002,OTHER
AG-BLIM04,2__BANGE003,PS
EMD-AXPO1,2__BAXPO000,OTHER
EMD-BGS01,2__BBGAS000,OTHER
EMD-BIZ01,2__BBIZZ000,OTHER
AG-REC06B,2__BECOT003,WIND
EMD-EDF01,2__BEDFE000,OTHER
AG-BEDG01,2__BEDGE001,OTHER
EMD-EDR01,2__BEDIR000,OTHER
EMD-PGE01,2__BEMEB000,OTHER
EMD-ENR01,2__BENRD000,OTHER
EMD-EON01,2__BEOND000,OTHER
AG-BFLX01,2__BFLEX001,OTHER
AG-BFLX02,2__BFLEX002,OTHER
AG-BFLX03,2__BFLEX003,OTHER
AG-BFLX04,2__BFLEX004,OTHER
EMD-HVN01,2__BHAVE000,OTHER
EMD-HPW01,2__BHPOW000,OTHER
EMD-SSE01,2__BHYDE000,OTHER
EMD-ATL01,2__BIMPO000,OTHER
EMD-LON01,2__BLOND000,OTHER
AG-BEDF03,2__BLOND003,WIND
AG-BEDF04,2__BLOND004,OTHER
EMD-MNW01,2__BMANW000,OTHER
EMD-OCT01,2__BMRCY000,OTHER
EMD-NPE01,2__BNATP000,OTHER
EMD-OGA01,2__BOGAS000,OTHER
EMD-PGU01,2__BPGEN000,OTHER
AG-BHAR01,2__BPOWQ001,OTHER
EMD-GDF01,2__BRWED000,OTHER
EMD-SEE01,2__BSEEB000,OTHER
EMD-SEL01,2__BSMAR000,OTHER
EMD-STH01,2__BSOUT000,OTHER
EMD-SPC01,2__BSPOW000,OTHER
AG-BSTK01,2__BSTAT001,OTHER
AG-BSTK02,2__BSTAT002,OTHER
AG-BSTK03,2__BSTAT003,OTHER
AG-BSTK04,2__BSTAT004,OTHER
EMD-SWA01,2__BSWAE000,OTHER
EMD-SWT01,2__BSWEB000,OTHER
EMD-TFE01,2__BTGPL000,OTHER
AG-BUKP01,2__BUKPR001,OTHER
LON-AXPO1,2__CAXPO000,OTHER
LON-BGS01,2__CBGAS000,OTHER
LON-BIZ01,2__CBIZZ000,OTHER
LON-EDF01,2__CEDFE000,OTHER
LON-EDR01,2__CEDIR000,OTHER
LON-PGE01,2__CEMEB000,OTHER
LON-ENR01,2__CENRD000,OTHER
LON-EON01,2__CEOND000,OTHER
LON-HVN01,2__CHAVE000,OTHER
LON-HPW01,2__CHPOW000,OTHER
LON-SSE01,2__CHYDE000,OTHER
LON-ATL01,2__CIMPO000,OTHER
LON-LON01,2__CLOND000,OTHER
LON-MNW01,2__CMANW000,OTHER
LON-MID01,2__CMIDE000,OTHER
LON-OCT01,2__CMRCY000,OTHER
AG-COCT00,2__CMRCY001,OTHER
LON-NPE01,2__CNATP000,OTHER
LON-OGA01,2__COGAS000,OTHER
LON-PGU01,2__CPGEN000,OTHER
LON-GDF01,2__CRWED000,OTHER
LON-SEE01,2__CSEEB000,OTHER
LON-SEL01,2__CSMAR000,OTHER
LON-STH01,2__CSOUT000,OTHER
LON-SPC01,2__CSPOW000,OTHER
LON-SWA01,2__CSWAE000,OTHER
LON-SWT01,2__CSWEB000,OTHER
LON-TFE01,2__CTGPL000,OTHER
AG-DLIM01,2__DANGE001,OTHER
MNW-AXPO1,2__DAXPO000,OTHER
MNW-BGS01,2__DBGAS000,OTHER
MNW-BIZ01,2__DBIZZ000,OTHER
MNW-EDF01,2__DEDFE000,OTHER
MNW-EDR01,2__DEDIR000,OTHER
MNW-PGE01,2__DEMEB000,OTHER
MNW-ENR01,2__DENRD000,OTHER
MNW-EON01,2__DEOND000,OTHER
MNW-HVN01,2__DHAVE000,OTHER
MNW-HPW01,2__DHPOW000,OTHER
MNW-SSE01,2__DHYDE000,OTHER
MNW-ATL01,2__DIMPO000,OTHER
MNW-LON01,2__DLOND000,OTHER
AG-DEDF01,2__DLOND001,OTHER
AG-DEDF02,2__DLOND002,OCGT
MNW-MNW01,2__DMANW000,OTHER
MNW-MID01,2__DMIDE000,OTHER
MNW-OCT01,2__DMRCY000,OTHER
MNW-NPE01,2__DNATP000,OTHER
MNW-OGA01,2__DOGAS000,OTHER
MNW-PGU01,2__DPGEN000,OTHER
MNW-GDF01,2__DRWED000,OTHER
MNW-SEE01,2__DSEEB000,OTHER
MNW-SEL01,2__DSMAR000,OTHER
MNW-STH01,2__DSOUT000,OTHER
MNW-SPC01,2__DSPOW000,OTHER
AG-DSTK01,2__DSTAT001,OTHER
AG-DSTK02,2__DSTAT002,OTHER
AG-DSTK03,2__DSTAT003,OTHER
AG-DSTK04,2__DSTAT004,OTHER
AG-DSTK05,2__DSTAT005,OTHER
AG-DSTK06,2__DSTAT006,OTHER
AG-DSTK07,2__DSTAT007,OTHER
MNW-SWA01,2__DSWAE000,OTHER
MNW-SWT01,2__DSWEB000,OTHER
MNW-TFE01,2__DTGPL000,OTHER
AG-DUKP01,2__DUKPR001,OTHER
AG-ELIM02,2__EANGE001,OTHER
AG-ELIM03,2__EANGE002,OTHER
MID-AXPO1,2__EAXPO000,OTHER
MID-BGS01,2__EBGAS000,OTHER
MID-BIZ01,2__EBIZZ000,OTHER
ECEN01,2__ECNDL001,OTHER
MID-EDF01,2__EEDFE000,OTHER
MID-EDR01,2__EEDIR000,OTHER
MID-PGE01,2__EEMEB000,OTHER
MID-ENR01,2__EENRD000,OTHER
MID-EON01,2__EEOND000,OTHER
AG-EFLX01,2__EFLEX001,OTHER
AG-EFLX02,2__EFLEX002,OTHER
AG-EFLX03,2__EFLEX003,OTHER
AG-EFLX04,2__EFLEX004,OTHER
MID-HVN01,2__EHAVE000,OTHER
MID-HPW01,2__EHPOW000,OTHER
MID-SSE01,2__EHYDE000,OTHER
MID-ATL01,2__EIMPO000,OTHER
MID-LON01,2__ELOND000,OTHER
AG-EEDF01,2__ELOND001,OTHER
MID-MNW01,2__EMANW000,OTHER
MID-MID01,2__EMIDE000,OTHER
MID-OCT01,2__EMRCY000,OTHER
MID-NPE01,2__ENATP000,OTHER
MID-OGA01,2__EOGAS000,OTHER
MID-PGU01,2__EPGEN000,OTHER
MID-GDF01,2__ERWED000,OTHER
MID-SEE01,2__ESEEB000,OTHER
MID-SEL01,2__ESMAR000,OTHER
MID-STH01,2__ESOUT000,OTHER
MID-SPC01,2__ESPOW000,OTHER
AG-ESTK01,2__ESTAT001,OTHER
AG-ESTK02,2__ESTAT002,OTHER
AG-ESTK03,2__ESTAT003,OTHER
AG-ESTK04,2__ESTAT004,OTHER
MID-SWA01,2__ESWAE000,OTHER
MID-SWT01,2__ESWEB000,OTHER
MID-TFE01,2__ETGPL000,OTHER
AG-EUKP01,2__EUKPR001,OTHER
NEE-AXPO1,2__FAXPO000,OTHER
NEE-BGS01,2__FBGAS000,OTHER
NEE-BIZ01,2__FBIZZ000,OTHER
FBPG01,2__FBPGM001,OTHER
FBPG02,2__FBPGM002,OTHER
NEE-EDF01,2__FEDFE000,OTHER
NEE-EDR01,2__FEDIR000,OTHER
NEE-PGE01,2__FEMEB000,OTHER
NEE-ENR01,2__FENRD000,OTHER
NEE-EON01,2__FEOND000,OTHER
AG-FFLX01,2__FFLEX001,OTHER
FFSE01,2__FFSEN005,OTHER
FFSE02,2__FFSEN007,OTHER
NEE-HVN01,2__FHAVE000,OTHER
NEE-HPW01,2__FHPOW000,OTHER
NEE-SSE01,2__FHYDE000,OTHER
NEE-ATL01,2__FIMPO000,OTHER
NEE-LON01,2__FLOND000,OTHER
NEE-DON01,2__FMAGN000,OTHER
NEE-MNW01,2__FMANW000,OTHER
NEE-MID01,2__FMIDE000,OTHER
NEE-OCT01,2__FMRCY000,OTHER
NEE-NPE01,2__FNATP000,OTHER
NEE-OGA01,2__FOGAS000,OTHER
NEE-PGU01,2__FPGEN000,OTHER
NEE-GDF01,2__FRWED000,OTHER
RSCRB-1,2__FRWED001,OTHER
NEE-SEE01,2__FSEEB000,OTHER
NEE-SEL01,2__FSMAR000,OTHER
NEE-STH01,2__FSOUT000,OTHER
NEE-SPC01,2__FSPOW000,OTHER
AG-FSTK01,2__FSTAT001,OTHER
AG-FSTK02,2__FSTAT002,OTHER
AG-FSTK03,2__FSTAT003,OTHER
NEE-SWA01,2__FSWAE000,OTHER
NEE-SWT01,2__FSWEB000,OTHER
NEE-TFE01,2__FTGPL000,OTHER
AG-GLIM01,2__GANGE001,OTHER
NWP-AXPO1,2__GAXPO000,OTHER
NWP-BGS01,2__GBGAS000,OTHER
NWP-BIZ01,2__GBIZZ000,OTHER
BUXTB-1,2__GCMRO001,OTHER
WTRSB-1,2__GCMRO002,OTHER
NWP-EDF01,2__GEDFE000,OTHER
NWP-EDR01,2__GEDIR000,OTHER
NWP-PGE01,2__GEMEB000,OTHER
NWP-ENR01,2__GENRD000,OTHER
NWP-EON01,2__GEOND000,OTHER
AG-GFLX01,2__GFLEX001,OTHER
AG-GFLX02,2__GFLEX002,OTHER
AG-GFLX03,2__GFLEX003,OTHER
AG-GFLX04,2__GFLEX004,OTHER
AG-GFLX08,2__GFLEX008,OTHER
NWP-HVN01,2__GHAVE000,OTHER
NWP-HPW01,2__GHPOW000,OTHER
NWP-SSE01,2__GHYDE000,OTHER
NWP-ATL01,2__GIMPO000,OTHER
NWP-LON01,2__GLOND000,OTHER
AG-GEDF01,2__GLOND001,OTHER
AG-GEDF02,2__GLOND002,OTHER
AG-GEDF03,2__GLOND003,OCGT
AG-GEDF04,2__GLOND004,OCGT
NWP-MNW01,2__GMANW000,OTHER
NWP-MID01,2__GMIDE000,OTHER
NWP-OCT01,2__GMRCY000,OTHER
NWP-NPE01,2__GNATP000,OTHER
NWP-OGA01,2__GOGAS000,OTHER
NWP-PGU01,2__GPGEN000,OTHER
NWP-GDF01,2__GRWED000,OTHER
NWP-SEE01,2__GSEEB000,OTHER
AG-GSMA01,2__GSMAE001,OTHER
GSMA03,2__GSMAE003,CCGT
NWP-SEL01,2__GSMAR000,OTHER
AG-GSMA02,2__GSMAR002,OTHER
NWP-STH01,2__GSOUT000,OTHER
NWP-SPC01,2__GSPOW000,OTHER
AG-GSTK01,2__GSTAT001,OTHER
AG-GSTK02,2__GSTAT002,OTHER
AG-GSTK03,2__GSTAT003,OTHER
AG-GSTK04,2__GSTAT004,OTHER
AG-GSTK06,2__GSTAT006,OTHER
AG-GSTK07,2__GSTAT007,OTHER
AG-GSTK08,2__GSTAT008,OTHER
AG-GSTK09,2__GSTAT009,OTHER
AG-GSTK10,2__GSTAT010,OTHER
AG-GSTK11,2__GSTAT011,OTHER
AG-GSTK12,2__GSTAT012,OTHER
AG-GSTK13,2__GSTAT013,OTHER
AG-GSTK15,2__GSTAT015,OTHER
AG-GSTK16,2__GSTAT016,OTHER
AG-GSTK17,2__GSTAT017,OTHER
NWP-SWA01,2__GSWAE000,OTHER
NWP-SWT01,2__GSWEB000,OTHER
NWP-TFE01,2__GTGPL000,OTHER
AG-GUKP01,2__GUKPR001,OTHER
AG-HLIM01,2__HANGE001,OTHER
AG-HLIM02,2__HANGE002,OTHER
AG-HLIM03,2__HANGE003,OTHER
AG-HLIM04,2__HANGE004,OTHER
AG-HLIM05,2__HANGE005,OTHER
STH-AXPO1,2__HAXPO000,OTHER
STH-BGS01,2__HBGAS000,OTHER
STH-BIZ01,2__HBIZZ000,OTHER
STH-EDF01,2__HEDFE000,OTHER
STH-EDR01,2__HEDIR000,OTHER
STH-PGE01,2__HEMEB000,OTHER
STH-ENR01,2__HENRD000,OTHER
STH-EON01,2__HEOND000,OTHER
AG-HFLX01,2__HFLEX001,OTHER
HFSE02,2__HFSEN006,OTHER
STH-HVN01,2__HHAVE000,OTHER
STH-HPW01,2__HHPOW000,OTHER
STH-SSE01,2__HHYDE000,OTHER
STH-ATL01,2__HIMPO000,OTHER
HSSE01,2__HIMPO002,OTHER
STH-LON01,2__HLOND000,OTHER
AG-HEDF01,2__HLOND001,OTHER
AG-HEDF02,2__HLOND002,OTHER
STH-MNW01,2__HMANW000,OTHER
STH-OCT01,2__HMRCY000,OTHER
STH-NPE01,2__HNATP000,OTHER
STH-OGA01,2__HOGAS000,OTHER
STH-PGU01,2__HPGEN000,OTHER
STH-GDF01,2__HRWED000,OTHER
STH-SEE01,2__HSEEB000,OTHER
AG-HSMA01,2__HSMAE001,OTHER
STH-SEL01,2__HSMAR000,OTHER
STH-STH01,2__HSOUT000,OTHER
STH-SPC01,2__HSPOW000,OTHER
AG-HSTK01,2__HSTAT001,OTHER
AG-HSTK02,2__HSTAT002,OTHER
AG-HSTK03,2__HSTAT003,OTHER
AG-HSTK04,2__HSTAT004,OTHER
AG-HSTK05,2__HSTAT005,OTHER
AG-HSTK06,2__HSTAT006,OTHER
AG-HSTK07,2__HSTAT007,OTHER
STH-SWA01,2__HSWAE000,OTHER
STH-SWT01,2__HSWEB000,OTHER
STH-TFE01,2__HTGPL000,OTHER
AG-JLIM01,2__JANGE001,OTHER
SEE-AXPO1,2__JAXPO000,OTHER
SEE-BGS01,2__JBGAS000,OTHER
SEE-BIZ01,2__JBIZZ000,OTHER
SEE-EDF01,2__JEDFE000,OTHER
SEE-EDR01,2__JEDIR000,OTHER
SEE-EAS01,2__JEELC000,OTHER
SEE-PGE01,2__JEMEB000,OTHER
SEE-ENR01,2__JENRD000,OTHER
SEE-HVN01,2__JHAVE000,OTHER
SEE-HPW01,2__JHPOW000,OTHER
SEE-SSE01,2__JHYDE000,OTHER
SEE-ATL01,2__JIMPO000,OTHER
SEE-LON01,2__JLOND000,OTHER
AG-JEDF01,2__JLOND001,OTHER
AG-JEDF02,2__JLOND002,OCGT
AG-JEDF03,2__JLOND003,OCGT
AG-JEDF04,2__JLOND004,OTHER
SEE-MNW01,2__JMANW000,OTHER
SEE-MID01,2__JMIDE000,OTHER
SEE-OCT01,2__JMRCY000,OTHER
SEE-NPE01,2__JNATP000,OTHER
SEE-OGA01,2__JOGAS000,OTHER
SEE-PGU01,2__JPGEN000,OTHER
SEE-GDF01,2__JRWED000,OTHER
SEE-SEE01,2__JSEEB000,OTHER
SEE-SEL01,2__JSMAR000,OTHER
SEE-STH01,2__JSOUT000,OTHER
SEE-SPC01,2__JSPOW000,OTHER
AG-JSTK01,2__JSTAT001,OTHER
AG-JSTK02,2__JSTAT002,OTHER
AG-JSTK03,2__JSTAT003,OTHER
SEE-SWA01,2__JSWAE000,OTHER
SEE-SWT01,2__JSWEB000,OTHER
SEE-TFE01,2__JTGPL000,OTHER
AG-JUKP01,2__JUKPR001,OTHER
SEE-VTF01,2__JVETS000,OTHER
AG-KLIM01,2__KANGE001,OTHER
SWA-AXPO1,2__KAXPO000,OTHER
SWA-BGS01,2__KBGAS000,OTHER
SWA-BIZ01,2__KBIZZ000,OTHER
SWA-EDF01,2__KEDFE000,OTHER
SWA-EDR01,2__KEDIR000,OTHER
SWA-PGE01,2__KEMEB000,OTHER
SWA-ENR01,2__KENRD000,OTHER
SWA-EON01,2__KEOND000,OTHER
AG-KFLX01,2__KFLEX001,OTHER
SWA-HVN01,2__KHAVE000,OTHER
SWA-HPW01,2__KHPOW000,OTHER
SWA-SSE01,2__KHYDE000,OTHER
SWA-ATL01,2__KIMPO000,OTHER
SWA-LON01,2__KLOND000,OTHER
SWA-MNW01,2__KMANW000,OTHER
SWA-OCT01,2__KMRCY000,OTHER
SWA-NPE01,2__KNATP000,OTHER
SWA-OGA01,2__KOGAS000,OTHER
SWA-PGU01,2__KPGEN000,OTHER
SWA-GDF01,2__KRWED000,OTHER
SWA-SEE01,2__KSEEB000,OTHER
SWA-SEL01,2__KSMAR000,OTHER
SWA-STH01,2__KSOUT000,OTHER
SWA-SPC01,2__KSPOW000,OTHER
AG-KSTK01,2__KSTAT001,OTHER
AG-KSTK02,2__KSTAT002,OTHER
AG-KSTK03,2__KSTAT003,OTHER
AG-KSTK04,2__KSTAT004,OTHER
AG-KSTK05,2__KSTAT005,OTHER
AG-KSTK06,2__KSTAT006,OTHER
AG-KSTK07,2__KSTAT007,OTHER
SWA-SWA01,2__KSWAE000,OTHER
SWA-SWT01,2__KSWEB000,OTHER
SWA-TFE01,2__KTGPL000,OTHER
SWA-UKP01,2__KUKPR000,OTHER
AG-KUKP01,2__KUKPR001,OTHER
AG-LLIM01,2__LANGE001,OTHER
AG-LLIM02,2__LANGE002,OTHER
AG-LLIM03,2__LANGE003,OTHER
SWT-AXPO1,2__LAXPO000,OTHER
SWT-BGS01,2__LBGAS000,OTHER
SWT-BIZ01,2__LBIZZ000,OTHER
AG-REC05L,2__LECOT003,WIND
SWT-EDF01,2__LEDFE000,OTHER
SWT-EDR01,2__LEDIR000,OTHER
SWT-PGE01,2__LEMEB000,OTHER
SWT-ENR01,2__LENRD000,OTHER
SWT-EON01,2__LEOND000,OTHER
AG-LFLX01,2__LFLEX001,OTHER
LFSE01,2__LFSEN200,OTHER
SWT-HVN01,2__LHAVE000,OTHER
SWT-HPW01,2__LHPOW000,OTHER
SWT-SSE01,2__LHYDE000,OTHER
SWT-ATL01,2__LIMPO000,OTHER
SWT-LON01,2__LLOND000,OTHER
AG-LEDF01,2__LLOND001,OTHER
SWT-MNW01,2__LMANW000,OTHER
SWT-MID01,2__LMIDE000,OTHER
SWT-OCT01,2__LMRCY000,OTHER
SWT-NPE01,2__LNATP000,OTHER
SWT-OGA01,2__LOGAS000,OTHER
SWT-PGU01,2__LPGEN000,OTHER
SWT-GDF01,2__LRWED000,OTHER
LCKLB-1,2__LRWED001,OTHER
SWT-SEE01,2__LSEEB000,OTHER
SWT-SEL01,2__LSMAR000,OTHER
SWT-STH01,2__LSOUT000,OTHER
SWT-SPC01,2__LSPOW000,OTHER
AG-LSTK01,2__LSTAT001,OTHER
AG-LSTK02,2__LSTAT002,OTHER
AG-LSTK03,2__LSTAT003,OTHER
AG-LSTK04,2__LSTAT004,OTHER
SWT-SWA01,2__LSWAE000,OTHER
SWT-SWT01,2__LSWEB000,OTHER
SWT-TFE01,2__LTGPL000,OTHER
AG-LUKP01,2__LUKPR001,OTHER
AG-MLIM01,2__MANGE001,OTHER
AG-MLIM02,2__MANGE002,OTHER
AG-MLIM03,2__MANGE003,OTHER
YEP-BGS01,2__MBGAS000,OTHER
YEP-BIZ01,2__MBIZZ000,OTHER
AG-MCAM01,2__MCMRO002,OTHER
SWGTB-1,2__MCMRO003,OTHER
BRGDG-1,2__MCNDL001,OCGT
AG-MCET01,2__MCNDL002,OTHER
AG-MECO01,2__MECOT003,WIND
YEP-EDF01,2__MEDFE000,OTHER
YEP-EDR01,2__MEDIR000,OTHER
YEP-PGE01,2__MEMEB000,OTHER
YEP-ENR01,2__MENRD000,OTHER
YEP-EON01,2__MEOND000,OTHER
AG-MFLX02,2__MFLEX002,OTHER
AG-MFLX03,2__MFLEX003,OTHER
AG-MFLX04,2__MFLEX004,OTHER
YEP-HVN01,2__MHAVE000,OTHER
YEP-HPW01,2__MHPOW000,OTHER
YEP-SSE01,2__MHYDE000,OTHER
YEP-ATL01,2__MIMPO000,OTHER
YEP-LON01,2__MLOND000,OTHER
YEP-MNW01,2__MMANW000,OTHER
YEP-MID01,2__MMIDE000,OTHER
YEP-OCT01,2__MMRCY000,OTHER
YEP-NPE01,2__MNATP000,OTHER
YEP-OGA01,2__MOGAS000,OTHER
YEP-PGU01,2__MPGEN000,OTHER
YEP-GDF01,2__MRWED000,OTHER
YEP-SEE01,2__MSEEB000,OTHER
AG-MSMA01,2__MSMAE001,OTHER
AG-MSMA02,2__MSMAE002,OTHER
YEP-SEL01,2__MSMAR000,OTHER
YEP-STH01,2__MSOUT000,OTHER
YEP-SPC01,2__MSPOW000,OTHER
AG-MSTK01,2__MSTAT001,OTHER
AG-MSTK02,2__MSTAT002,OTHER
AG-MSTK03,2__MSTAT003,OTHER
AG-MSTK04,2__MSTAT004,OTHER
AG-MSTK05,2__MSTAT005,OTHER
AG-MSTK06,2__MSTAT006,OTHER
YEP-SWA01,2__MSWAE000,OTHER
YEP-SWT01,2__MSWEB000,OTHER
YEP-TFE01,2__MTGPL000,OTHER
AG-NLIM01,2__NANGE001,OTHER
AG-NLIM02,2__NANGE002,OTHER
AG-NLIM03,2__NANGE003,OTHER
AG-NLIM04,2__NANGE004,OTHER
AG-NLIM05,2__NANGE005,OTHER
SSC-AXPO1,2__NAXPO000,OTHER
SSC-BGS01,2__NBGAS000,OTHER
SSC-BIZ01,2__NBIZZ000,OTHER
SSC-ECO01,2__NECON000,OTHER
SSC-EDF01,2__NEDFE000,OTHER
SSC-EDR01,2__NEDIR000,OTHER
SSC-PGE01,2__NEMEB000,OTHER
SSC-ENR01,2__NENRD000,OTHER
SSC-EON01,2__NEOND000,OTHER
AG-NFLX01,2__NFLEX001,OTHER
AG-NFLX02,2__NFLEX002,OTHER
AG-NFLX03,2__NFLEX003,OTHER
AG-NFLX04,2__NFLEX004,OTHER
AG-NFLX05,2__NFLEX005,OTHER
AG-NFLX06,2__NFLEX006,OTHER
AG-NFLX07,2__NFLEX007,OTHER
AG-NFLX08,2__NFLEX008,OTHER
AG-NFLX09,2__NFLEX009,OTHER
SSC-HVN01,2__NHAVE000,OTHER
SSC-HPW01,2__NHPOW000,OTHER
AG-NHAV01,2__NHPOW001,NPSHYD
AG-NHAV02,2__NHPOW002,NPSHYD
SSC-SSE01,2__NHYDE000,OTHER
SSC-ATL01,2__NIMPO000,OTHER
SSC-LON01,2__NLOND000,OTHER
AG-NEDF01,2__NLOND001,OCGT
AG-NEDF02,2__NLOND002,OCGT
AG-NEDF03,2__NLOND003,OCGT
SSC-MNW01,2__NMANW000,OTHER
SSC-MID01,2__NMIDE000,OTHER
SSC-OCT01,2__NMRCY000,OTHER
SSC-NPE01,2__NNATP000,OTHER
NNPW01,2__NNATP001,WIND
SSC-OGA01,2__NOGAS000,OTHER
SSC-PGU01,2__NPGEN000,OTHER
SSC-GDF01,2__NRWED000,OTHER
SSC-SEE01,2__NSEEB000,OTHER
DNBAR-1,2__NSMAE001,BIOMASS
SSC-SEL01,2__NSMAR000,OTHER
AG-NSMA01,2__NSMAR002,OTHER
SSC-STH01,2__NSOUT000,OTHER
SSC-SPC01,2__NSPOW000,OTHER
AG-NSTK01,2__NSTAT001,OTHER
AG-NSTK02,2__NSTAT002,OTHER
AG-NSTK03,2__NSTAT003,OTHER
SSC-SWA01,2__NSWAE000,OTHER
SSC-SWT01,2__NSWEB000,OTHER
NSC-AXPO1,2__PAXPO000,OTHER
NSC-BGS01,2__PBGAS000,OTHER
NSC-BIZ01,2__PBIZZ000,OTHER
NSC-EDF01,2__PEDFE000,OTHER
CMSTW-1,2__PEDGE003,WIND
RSHLW-1,2__PEDGE004,WIND
NSC-EDR01,2__PEDIR000,OTHER
NSC-PGE01,2__PEMEB000,OTHER
ROTHW-1,2__PENEC001,WIND
PAUHW-1,2__PENEC002,WIND
NSC-ENR01,2__PENRD000,OTHER
NSC-EON01,2__PEOND000,OTHER
AG-PFLX01,2__PFLEX001,OTHER
AG-PFLX02,2__PFLEX002,OTHER
NSC-HVN01,2__PHAVE000,OTHER
NSC-HPW01,2__PHPOW000,OTHER
NSC-SSE01,2__PHYDE000,OTHER
NSC-ATL01,2__PIMPO000,OTHER
GRUB-1,2__PIMPO006,NPSHYD
GRUB-2,2__PIMPO007,NPSHYD
RANN-1,2__PIMPO008,NPSHYD
RANN-2,2__PIMPO009,NPSHYD
RANN-3,2__PIMPO010,NPSHYD
SFIL-1,2__PIMPO011,NPSHYD
SHIN-1,2__PIMPO012,NPSHYD
SHIN-2,2__PIMPO013,NPSHYD
NSC-LON01,2__PLOND000,OTHER
AG-PEDF01,2__PLOND001,OTHER
NSC-MNW01,2__PMANW000,OTHER
LCSMH-1,2__PMARB001,NPSHYD
KNLCV-1,2__PMARB002,NPSHYD
NSC-MID01,2__PMIDE000,OTHER
NSC-OCT01,2__PMRCY000,OTHER
NSC-NPE01,2__PNATP000,OTHER
NSC-OGA01,2__POGAS000,OTHER
NSC-PGU01,2__PPGEN000,OTHER
NSC-GDF01,2__PRWED000,OTHER
NSC-SEE01,2__PSEEB000,OTHER
CAUSW-1,2__PSMAE001,WIND
TACHW-1,2__PSMAE003,WIND
NSC-SEL01,2__PSMAR000,OTHER
AG-PSMA01,2__PSMAR001,WIND
NSC-STH01,2__PSOUT000,OTHER
NSC-SPC01,2__PSPOW000,OTHER
CAIRW-2,2__PSTAT001,WIND
MDHLW-1,2__PSTAT002,WIND
NSC-SWA01,2__PSWAE000,OTHER
NSC-SWT01,2__PSWEB000,OTHER
ACHLW-1,C__PSMAR001,WIND
TMNCW-1,C__PSTAT011,WIND
ABERU-1,E_ABERDARE,OCGT
ABRTW-1,E_ABRTW-1,WIND
AIRSW-1,E_AIRSW-1,WIND
ALCOA-1,E_ALCOA-1,CCGT
ARBRB-1,E_ARBRB-1,OTHER
ARNKB-1,E_ARNKB-1,OTHER
ARNKB-2,E_ARNKB-2,OTHER
ASHWW-1,E_ASHWW-1,WIND
ASLVW-1,E_ASLVW-1,WIND
BABAW-1,E_BABAW-1,WIND
BARNB-1,E_BARNB-1,OTHER
BETHW-1,E_BETHW-1,WIND
BHOLB-1,E_BHOLB-1,OTHER
BLARW-1,E_BLARW-1,WIND
BLKPB-1,E_BLKPB-1,OTHER
BNWKW-1,E_BNWKW-1,WIND
BRDUW-1,E_BRDUW-1,WIND
BRGG-1,E_BRGG-1,CCGT
BRIDU-1,E_BRIDGWTR,OTHER
BRNLW-1,E_BRNLW-1,WIND
BROAB-1,E_BROAB-1,OTHER
BROFB-1,E_BROFB-1,OTHER
BROUD-1,E_BROUD-1,OTHER
BROXB-1,E_BROXB-1,OTHER
BRYBW-1,E_BRYBW-1,WIND
BSPHM-1,E_BSPHM-1,CCGT
BTNHL-1,E_BTNHL-1,OTHER
BTUIW-2,E_BTUIW-2,WIND
BTUIW-3,E_BTUIW-3,WIND
BURBW-1,E_BURBO,WIND
BURGH-1,E_BURGH-1,OCGT
BURWB-1,E_BURWB-1,OTHER
BURWB-2,E_BURWB-2,OTHER
CATHB-1,E_CATHB-1,OTHER
CHAPB-1,E_CHAPB-1,OTHER
CHICK-1,E_CHICK-1,OCGT
CHTRY-1,E_CHTRY-1,CCGT
CLAC-1,E_CLAC-1,NPSHYD
CLAYB-1,E_CLAYB-1,OTHER
CLAYB-2,E_CLAYB-2,OTHER
CLDRW-1,E_CLDRW-1,WIND
CLFLW-1,E_CLFLW-1,WIND
CMSTW-2,E_CMSTW-2,WIND
CNCLW-1,E_CNCLW-1,WIND
CONTB-1,E_CONTB-1,OTHER
CORB-1,E_CORB-1,CCGT
COWE1,E_COWE1,OCGT
COWE2,E_COWE2,OCGT
CRGTW-1,E_CRGTW-1,WIND
CROYD-2,E_CROYD-2,OCGT
CRSSB-1,E_CRSSB-1,OTHER
CUPAB-1,E_CUPAB-1,OTHER
CWMD-1,E_CWMD-1,NPSHYD
DALSW-1,E_DALSW-1,WIND
DBFRM-1,E_DBFRM-1,CCGT
DERBY-2,E_DERBY-1,OCGT
DERW-1,E_DERW-1,CCGT
DIDC01G,E_DIDC1G,OCGT
DIDC02G,E_DIDC2G,OCGT
DIDC03G,E_DIDC3G,OCGT
DIDC04G,E_DIDC4G,OCGT
DOLLB-1,E_DOLLB-1,OTHER
DOWL-1,E_DOWL-1,CCGT
EXETR-2,E_EXETR-2,OCGT
FARNB-1,E_FARNB-1,OTHER
FASN3,E_FASN-3,NPSHYD
FASN-4,E_FASN-4,NPSHYD
FAWN-1,E_FAWN-1,CCGT
FDUNT-1,E_FDUN-1,OCGT
FELL-1,E_FELL-1,CCGT
GDSTW-1,E_GDSTW-1,WIND
GFLDW-1,E_GFLDW-1,WIND
GLCHW-1,E_GLCHW-1,WIND
GLOFW-1,E_GLOFW-1,WIND
GOSHS-1,E_GOSHS-1,CCGT
GRCRB-1,E_GRCRB-1,OTHER
GRGRW-1,E_GRGRW-1,WIND
GYAR-1,E_GYAR-1,CCGT
HAWKB-1,E_HAWKB-1,OTHER
HBHDW-1,E_HBHDW-1,WIND
HLGLW-1,E_HLGLW-1,WIND
HLTWW-1,E_HLTWW-1,WIND
HRHLW-1,E_HRHLW-1,WIND
HYWDW-1,E_HYWDW-1,WIND
ILMEB-1,E_ILMEB-1,OTHER
JAMBB-1,E_JAMBB-1,OTHER
JAMBB-2,E_JAMBB-2,OTHER
KHLLW-1,E_KHLLW-1,WIND
KINCW-1,E_KINCW-1,WIND
KLYN-A-1,E_KLYN-A-1,CCGT
LCHWT-1,E_LCHWT-1,CCGT
LITRB-1,E_LITRB-1,OTHER
LSTWY-1,E_LSTWY-1,CCGT
LNMTH-1,E_LYNE1,BIOMASS
LNMTH-2,E_LYNE2,BIOMASS
LNMTH-3,E_LYNE3,BIOMASS
MANXENR-1,E_MANXENR-1,OTHER
MDLWH-1,E_MDLWH-1,CCGT
MINSW-1,E_MINSW-1,WIND
MORFL-1,E_MORFL-1,CCGT
MOYEW-1,E_MOYEW-1,WIND
NEWPB-1,E_NEWPB-1,OTHER
NEWTB-1,E_NEWTB-1,OTHER
OLDHB-1,E_OLDHB-1,OTHER
PETEM1,E_PETEM1,CCGT
PETEM3,E_PETEM3,OTHER
PGBRY-1,E_PGBARY,OTHER
PGBRK-1,E_PGBRKL,OTHER
PGEXT-1,E_PGEXTR,OTHER
PGFAR-1,E_PGFARE,OTHER
PGHVT-1,E_PGHVNT,OTHER
PGLAN-1,E_PGLLAN,OTHER
PIBUW-1,E_PIBUW-1,WIND
PILLB-1,E_PILLB-1,OTHER
PILLB-2,E_PILLB-2,OTHER
PLYRK-1,E_PLYRK-1,CCGT
POTES-1,E_POTES-1,OTHER
RAKE-1,E_RAKE-1,CCGT
RASSP-1,E_RASSP-1,OTHER
RDFRB-1,E_RDFRB-1,CCGT
RDFRD-1,E_RDFRD-1,CCGT
RDSCR-1,E_RDSCR-1,CCGT
REDGT-1,E_REDGT-1,OCGT
RHEI-4,E_RHEI-1,NPSHYD
ROARB-1,E_ROARB-1,OTHER
ROOSB-1,E_ROOSB-1,OTHER
SEVIU-1,E_SEVINGTN,OTHER
SHILB-1,E_SHILB-1,OTHER
SHOS-1,E_SHOS-1,CCGT
SKELB-1,E_SKELB-1,OTHER
STALB-1,E_STALB-1,OTHER
SUDME-1,E_SUDME-1,CCGT
SWBKW-1,E_SWBKW-1,WIND
SWDNB-1,E_SWDNB-1,OTHER
TAYL2G,E_TAYL2G,OCGT
TAYL3G,E_TAYL3G,OCGT
TDRVE-1,E_TDRVE-1,CCGT
THMRB-1,E_THMRB-1,OTHER
THRNL-1,E_THRNL-1,OCGT
TLYMW-1,E_TLYMW-1,WIND
TOLLB-1,E_TOLLB-1,OTHER
TORQB-1,E_TORQB-1,OTHER
TRFPK-1,E_TRFPK-1,CCGT
TULWW-1,E_TULWW-1,WIND
TULWW-2,E_TULWW-2,WIND
VKING-2,E_VKING-2,OCGT
WTRLN-1,E_WTRLN-1,CCGT
DRAXD-1,E__MDRX001,BIOMASS
,I_EAD-BRTN1,INTNED
,I_EAD-ELEC1,INTELEC
,I_EAD-EWIC1,INTEW
,I_EAD-FRAN1,INTFR
,I_EAD-GRN1,INTGRNL
,I_EAD-IFA2,INTIFA2
,I_EAD-MOYL1,INTIRL
,I_EAD-NEMO1,INTNEM
,I_EAD-NSL1,INTNSL
,I_EAD-VKL1,INTVKL
,I_EAG-BRTN1,INTNED
,I_EAG-ELEC1,INTELEC
,I_EAG-EWIC1,INTEW
,I_EAG-FRAN1,INTFR
,I_EAG-GRN1,INTGRNL
,I_EAG-IFA2,INTIFA2
,I_EAG-MOYL1,INTIRL
,I_EAG-NEMO1,INTNEM
,I_EAG-NSL1,INTNSL
,I_EAG-VKL1,INTVKL
,I_I2D-ALEU1,INTIFA2
,I_I2D-ALIP1,INTIFA2
,I_I2D-ALPE1,INTIFA2
,I_I2D-ARON1,INTIFA2
,I_I2D-AROS1,INTIFA2
,I_I2D-ARTH1,INTIFA2
,I_I2D-ATLS1,INTIFA2
,I_I2D-AXPO1,INTIFA2
,I_I2D-BAYW1,INTIFA2
,I_I2D-BDEN1,INTIFA2
,I_I2D-BKWE1,INTIFA2
,I_I2D-BNPS1,INTIFA2
,I_I2D-BPGM1,INTIFA2
,I_I2D-CACM1,INTIFA2
,I_I2D-CBST1,INTIFA2
,I_I2D-CCME1,INTIFA2
,I_I2D-CENT1,INTIFA2
,I_I2D-CETL1,INTIFA2
,I_I2D-CEZC1,INTIFA2
,I_I2D-CFPE1,INTIFA2
,I_I2D-CNGS1,INTIFA2
,I_I2D-CNRE1,INTIFA2
,I_I2D-COMM1,INTIFA2
,I_I2D-CONS1,INTIFA2
,I_I2D-CONV1,INTIFA2
,I_I2D-COPN1,INTIFA2
,I_I2D-CURR1,INTIFA2
,I_I2D-DARE1,INTIFA2
,I_I2D-DMCC1,INTIFA2
,I_I2D-DSKC1,INTIFA2
,I_I2D-DUEN1,INTIFA2
,I_I2D-DUGE1,INTIFA2
,I_I2D-DVAL1,INTFR
,I_I2D-DVTD1,INTIFA2
,I_I2D-EDFT1,INTIFA2
,I_I2D-EDMK1,INTIFA2
,I_I2D-ELEE1,INTIFA2
,I_I2D-ELTR1,INTIFA2
,I_I2D-ENBW1,INTIFA2
,I_I2D-ENKI1,INTIFA2
,I_I2D-ENSC1,INTIFA2
,I_I2D-ENSP1,INTIFA2
,I_I2D-ENTC1,INTIFA2
,I_I2D-ENZL1,INTIFA2
,I_I2D-EPCO1,INTIFA2
,I_I2D-EWII1,INTIFA2
,I_I2D-EXXO1,INTIFA2
,I_I2D-EZCO1,INTIFA2
,I_I2D-EZPD1,INTIFA2
,I_I2D-FLEX1,INTIFA2
,I_I2D-GASE1,INTIFA2
,I_I2D-GAZP1,INTIFA2
,I_I2D-GENI1,INTIFA2
,I_I2D-GLEN1,INTIFA2
,I_I2D-GRMC1,INTIFA2
,I_I2D-GRMT1,INTIFA2
,I_I2D-HART1,INTIFA2
,I_I2D-HELI1,INTIFA2
,I_I2D-IBES1,INTIFA2
,I_I2D-IDCT1,INTIFA2
,I_I2D-IMPT1,INTIFA2
,I_I2D-INCM1,INTIFA2
,I_I2D-JWME1,INTIFA2
,I_I2D-KVAS1,INTIFA2
,I_I2D-MCRA1,INTIFA2
,I_I2D-MFTE1,INTIFA2
,I_I2D-MQBN1,INTIFA2
,I_I2D-NDPL1,INTIFA2
,I_I2D-NEAS1,INTIFA2
,I_I2D-NEHO1,INTIFA2
,I_I2D-NITR1,INTIFA2
,I_I2D-NORL1,INTIFA2
,I_I2D-NTPL1,INTIFA2
,I_I2D-NVAL1,INTIFA2
,I_I2D-OMPX1,INTIFA2
,I_I2D-OPMX1,INTIFA2
,I_I2D-OUTL1,INTIFA2
,I_I2D-PEAK1,INTIFA2
,I_I2D-PETC1,INTIFA2
,I_I2D-PLAN1,INTIFA2
,I_I2D-PREP1,INTIFA2
,I_I2D-PWMR1,INTIFA2
,I_I2D-QTPT1,INTIFA2
,I_I2D-QUAR1,INTIFA2
,I_I2D-QUEN1,INTIFA2
,I_I2D-RESP1,INTIFA2
,I_I2D-RISQ1,INTIFA2
,I_I2D-RWES1,INTIFA2
,I_I2D-SEAG1,INTIFA2
,I_I2D-SECF1,INTIFA2
,I_I2D-SETL1,INTIFA2
,I_I2D-SIRI1,INTIFA2
,I_I2D-SSEG1,INTIFA2
,I_I2D-STAT1,INTIFA2
,I_I2D-STGS1,INTIFA2
,I_I2D-TGPL1,INTIFA2
,I_I2D-TRFD1,INTIFA2
,I_I2D-TRFG1,INTIFA2
,I_I2D-TRGY1,INTIFA2
,I_I2D-TRLS1,INTIFA2
,I_I2D-TRSI1,INTIFA2
,I_I2D-VOLT1,INTIFA2
,I_I2D-VSAL1,INTIFA2
,I_I2D-VTET1,INTIFA2
,I_I2D-WOLF1,INTIFA2
,I_I2D-XNON1,INTIFA2
,I_I2G-ALEU1,INTIFA2
,I_I2G-ALIP1,INTIFA2
,I_I2G-ALPE1,INTIFA2
,I_I2G-ARON1,INTIFA2
,I_I2G-AROS1,INTIFA2
,I_I2G-ARTH1,INTIFA2
,I_I2G-ATLS1,INTIFA2
,I_I2G-AXPO1,INTIFA2
,I_I2G-BAYW1,INTIFA2
,I_I2G-BDEN1,INTIFA2
,I_I2G-BKWE1,INTIFA2
,I_I2G-BNPS1,INTIFA2
,I_I2G-BPGM1,INTIFA2
,I_I2G-CACM1,INTIFA2
,I_I2G-CBST1,INTIFA2
,I_I2G-CCME1,INTIFA2
,I_I2G-CENT1,INTIFA2
,I_I2G-CETL1,INTIFA2
,I_I2G-CEZC1,INTIFA2
,I_I2G-CFPE1,INTIFA2
,I_I2G-CNGS1,INTIFA2
,I_I2G-CNRE1,INTIFA2
,I_I2G-COMM1,INTIFA2
,I_I2G-CONS1,INTIFA2
,I_I2G-CONV1,INTIFA2
,I_I2G-COPN1,INTIFA2
,I_I2G-CURR1,INTIFA2
,I_I2G-DARE1,INTIFA2
,I_I2G-DMCC1,INTIFA2
,I_I2G-DSKC1,INTIFA2
,I_I2G-DUEN1,INTIFA2
,I_I2G-DUGE1,INTIFA2
,I_I2G-DVAL1,INTFR
,I_I2G-DVTD1,INTIFA2
,I_I2G-EDFT1,INTIFA2
,I_I2G-EDMK1,INTIFA2
,I_I2G-ELEE1,INTIFA2
,I_I2G-ELTR1,INTIFA2
,I_I2G-ENBW1,INTIFA2
,I_I2G-ENKI1,INTIFA2
,I_I2G-ENSC1,INTIFA2
,I_I2G-ENSP1,INTIFA2
,I_I2G-ENTC1,INTIFA2
,I_I2G-ENZL1,INTIFA2
,I_I2G-EPCO1,INTIFA2
,I_I2G-EWII1,INTIFA2
,I_I2G-EXXO1,INTIFA2
,I_I2G-EZCO1,INTIFA2
,I_I2G-EZPD1,INTIFA2
,I_I2G-FLEX1,INTIFA2
,I_I2G-GASE1,INTIFA2
,I_I2G-GAZP1,INTIFA2
,I_I2G-GENI1,INTIFA2
,I_I2G-GLEN1,INTIFA2
,I_I2G-GRMC1,INTIFA2
,I_I2G-GRMT1,INTIFA2
,I_I2G-HART1,INTIFA2
,I_I2G-HELI1,INTIFA2
,I_I2G-IBES1,INTIFA2
,I_I2G-IDCT1,INTIFA2
,I_I2G-IMPT1,INTIFA2
,I_I2G-INCM1,INTIFA2
,I_I2G-JWME1,INTIFA2
,I_I2G-KVAS1,INTIFA2
,I_I2G-MCRA1,INTIFA2
,I_I2G-MFTE1,INTIFA2
,I_I2G-MQBN1,INTIFA2
,I_I2G-NDPL1,INTIFA2
,I_I2G-NEAS1,INTIFA2
,I_I2G-NEHO1,INTIFA2
,I_I2G-NITR1,INTIFA2
,I_I2G-NORL1,INTIFA2
,I_I2G-NTPL1,INTIFA2
,I_I2G-NVAL1,INTIFA2
,I_I2G-OMPX1,INTIFA2
,I_I2G-OPMX1,INTIFA2
,I_I2G-OUTL1,INTIFA2
,I_I2G-PEAK1,INTIFA2
,I_I2G-PETC1,INTIFA2
,I_I2G-PLAN1,INTIFA2
,I_I2G-PREP1,INTIFA2
,I_I2G-PWMR1,INTIFA2
,I_I2G-QTPT1,INTIFA2
,I_I2G-QUAR1,INTIFA2
,I_I2G-QUEN1,INTIFA2
,I_I2G-RESP1,INTIFA2
,I_I2G-RISQ1,INTIFA2
,I_I2G-RWES1,INTIFA2
,I_I2G-SEAG1,INTIFA2
,I_I2G-SECF1,INTIFA2
,I_I2G-SETL1,INTIFA2
,I_I2G-SIRI1,INTIFA2
,I_I2G-SSEG1,INTIFA2
,I_I2G-STAT1,INTIFA2
,I_I2G-STGS1,INTIFA2
,I_I2G-TGPL1,INTIFA2
,I_I2G-TRFD1,INTIFA2
,I_I2G-TRFG1,INTIFA2
,I_I2G-TRGY1,INTIFA2
,I_I2G-TRLS1,INTIFA2
,I_I2G-TRSI1,INTIFA2
,I_I2G-VOLT1,INTIFA2
,I_I2G-VSAL1,INTIFA2
,I_I2G-VTET1,INTIFA2
,I_I2G-WOLF1,INTIFA2
,I_I2G-XNON1,INTIFA2
,I_IBD-AARH1,INTNED
,I_IBD-ALIP1,INTNED
,I_IBD-ALPE1,INTNED
,I_IBD-ARON1,INTNED
,I_IBD-AROS1,INTNED
,I_IBD-ARTH1,INTNED
,I_IBD-ATLS1,INTNED
,I_IBD-BDEN1,INTNED
,I_IBD-BKWE1,INTNED
,I_IBD-BPGE1,INTNED
,I_IBD-BRTN1,INTNED
,I_IBD-CACM1,INTNED
,I_IBD-CBST1,INTNED
,I_IBD-CCME1,INTNED
,I_IBD-CENT1,INTNED
,I_IBD-CETA1,INTNED
,I_IBD-CEZC1,INTNED
,I_IBD-CFPE1,INTNED
,I_IBD-CGML1,INTNED
,I_IBD-CNGS1,INTNED
,I_IBD-COMM1,INTNED
,I_IBD-CONS1,INTNED
,I_IBD-CONV1,INTNED
,I_IBD-COPN1,INTNED
,I_IBD-CURR1,INTNED
,I_IBD-DARE1,INTNED
,I_IBD-DMCC1,INTNED
,I_IBD-DNGN1,INTNED
,I_IBD-DSKC1,INTNED
,I_IBD-DUFE1,INTNED
,I_IBD-DVAL1,INTNED
,I_IBD-DVTD1,INTNED
,I_IBD-EDFT1,INTNED
,I_IBD-EDMK1,INTNED
,I_IBD-EGEN1,INTNED
,I_IBD-EGLE1,INTNED
,I_IBD-ELEE1,INTNED
,I_IBD-ELTR1,INTNED
,I_IBD-ENEL1,INTNED
,I_IBD-ENET1,INTNED
,I_IBD-ENGM1,INTNED
,I_IBD-ENSP1,INTNED
,I_IBD-ENTC1,INTNED
,I_IBD-ENZL1,INTNED
,I_IBD-EOET1,INTNED
,I_IBD-EPCO1,INTNED
,I_IBD-ERVA1,INTNED
,I_IBD-EWII1,INTNED
,I_IBD-EZC01,INTNED
,I_IBD-EZCO1,INTNED
,I_IBD-EZPD1,INTNED
,I_IBD-FLEX1,INTNED
,I_IBD-FPCD1,INTNED
,I_IBD-GAZP1,INTNED
,I_IBD-GENI1,INTNED
,I_IBD-GLEN1,INTNED
,I_IBD-GRMC1,INTNED
,I_IBD-GRMT1,INTNED
,I_IBD-GRNC1,INTNED
,I_IBD-HART1,INTNED
,I_IBD-HELI1,INTNED
,I_IBD-IBER1,INTNED
,I_IBD-IBES1,INTNED
,I_IBD-IDCE1,INTNED
,I_IBD-IDCT1,INTNED
,I_IBD-IMPT1,INTNED
,I_IBD-INCM1,INTNED
,I_IBD-JPMS1,INTNED
,I_IBD-KCST1,INTNED
,I_IBD-KRIA1,INTNED
,I_IBD-KVAS1,INTNED
,I_IBD-LTFD1,INTNED
,I_IBD-MCRA1,INTNED
,I_IBD-MFTE1,INTNED
,I_IBD-MONL1,INTNED
,I_IBD-MQBK1,INTNED
,I_IBD-NEAS1,INTNED
,I_IBD-NEHO1,INTNED
,I_IBD-NITR1,INTNED
,I_IBD-NORL1,INTNED
,I_IBD-NTPL1,INTNED
,I_IBD-OMPX1,INTNED
,I_IBD-OPMX1,INTNED
,I_IBD-OUTL1,INTNED
,I_IBD-PETC1,INTNED
,I_IBD-PTRS1,INTNED
,I_IBD-PWMR1,INTNED
,I_IBD-PZEM1,INTNED
,I_IBD-QTPT1,INTNED
,I_IBD-QUAR1,INTNED
,I_IBD-QUEN1,INTNED
,I_IBD-RESP1,INTNED
,I_IBD-RISQ1,INTNED
,I_IBD-RWES1,INTNED
,I_IBD-SEAG1,INTNED
,I_IBD-SECF1,INTNED
,I_IBD-SETL1,INTNED
,I_IBD-SIRI1,INTNED
,I_IBD-SSEG1,INTNED
,I_IBD-STAT1,INTNED
,I_IBD-STGS1,INTNED
,I_IBD-TGPL1,INTNED
,I_IBD-TRFD1,INTNED
,I_IBD-TRFG1,INTNED
,I_IBD-TRLS1,INTNED
,I_IBD-VETR1,INTNED
,I_IBD-VOLT1,INTNED
,I_IBD-VSAL1,INTNED
,I_IBD-VTUS1,INTNED
,I_IBD-XNON1,INTNED
,I_IBG-AARH1,INTNED
,I_IBG-ALIP1,INTNED
,I_IBG-ALPE1,INTNED
,I_IBG-ARON1,INTNED
,I_IBG-AROS1,INTNED
,I_IBG-ARTH1,INTNED
,I_IBG-ATLS1,INTNED
,I_IBG-BDEN1,INTNED
,I_IBG-BKWE1,INTNED
,I_IBG-BPGE1,INTNED
,I_IBG-BRTN1,INTNED
,I_IBG-CACM1,INTNED
,I_IBG-CBST1,INTNED
,I_IBG-CCME1,INTNED
,I_IBG-CENT1,INTNED
,I_IBG-CETA1,INTNED
,I_IBG-CEZC1,INTNED
,I_IBG-CFPE1,INTNED
,I_IBG-CGML1,INTNED
,I_IBG-CNGS1,INTNED
,I_IBG-COMM1,INTNED
,I_IBG-CONS1,INTNED
,I_IBG-CONV1,INTNED
,I_IBG-COPN1,INTNED
,I_IBG-CURR1,INTNED
,I_IBG-DARE1,INTNED
,I_IBG-DMCC1,INTNED
,I_IBG-DNGN1,INTNED
,I_IBG-DSKC1,INTNED
,I_IBG-DUFE1,INTNED
,I_IBG-DVAL1,INTNED
,I_IBG-DVTD1,INTNED
,I_IBG-EDFT1,INTNED
,I_IBG-EDMK1,INTNED
,I_IBG-EGEN1,INTNED
,I_IBG-EGLE1,INTNED
,I_IBG-ELEE1,INTNED
,I_IBG-ELTR1,INTNED
,I_IBG-ENEL1,INTNED
,I_IBG-ENET1,INTNED
,I_IBG-ENGM1,INTNED
,I_IBG-ENSP1,INTNED
,I_IBG-ENTC1,INTNED
,I_IBG-ENZL1,INTNED
,I_IBG-EOET1,INTNED
,I_IBG-EPCO1,INTNED
,I_IBG-ERVA1,INTNED
,I_IBG-EWII1,INTNED
,I_IBG-EZC01,INTNED
,I_IBG-EZCO1,INTNED
,I_IBG-EZPD1,INTNED
,I_IBG-FLEX1,INTNED
,I_IBG-FPCD1,INTNED
,I_IBG-GAZP1,INTNED
,I_IBG-GENI1,INTNED
,I_IBG-GLEN1,INTNED
,I_IBG-GRMC1,INTNED
,I_IBG-GRMT1,INTNED
,I_IBG-GRNC1,INTNED
,I_IBG-HART1,INTNED
,I_IBG-HELI1,INTNED
,I_IBG-IBER1,INTNED
,I_IBG-IBES1,INTNED
,I_IBG-IDCE1,INTNED
,I_IBG-IDCT1,INTNED
,I_IBG-IMPT1,INTNED
,I_IBG-INCM1,INTNED
,I_IBG-JPMS1,INTNED
,I_IBG-KCST1,INTNED
,I_IBG-KRIA1,INTNED
,I_IBG-KVAS1,INTNED
,I_IBG-LTFD1,INTNED
,I_IBG-MCRA1,INTNED
,I_IBG-MFTE1,INTNED
,I_IBG-MONL1,INTNED
,I_IBG-MQBK1,INTNED
,I_IBG-NEAS1,INTNED
,I_IBG-NEHO1,INTNED
,I_IBG-NITR1,INTNED
,I_IBG-NORL1,INTNED
,I_IBG-NTPL1,INTNED
,I_IBG-OMPX1,INTNED
,I_IBG-OPMX1,INTNED
,I_IBG-OUTL1,INTNED
,I_IBG-PETC1,INTNED
,I_IBG-PTRS1,INTNED
,I_IBG-PWMR1,INTNED
,I_IBG-PZEM1,INTNED
,I_IBG-QTPT1,INTNED
,I_IBG-QUAR1,INTNED
,I_IBG-QUEN1,INTNED
,I_IBG-RESP1,INTNED
,I_IBG-RISQ1,INTNED
,I_IBG-RWES1,INTNED
,I_IBG-SEAG1,INTNED
,I_IBG-SECF1,INTNED
,I_IBG-SETL1,INTNED
,I_IBG-SIRI1,INTNED
,I_IBG-SSEG1,INTNED
,I_IBG-STAT1,INTNED
,I_IBG-STGS1,INTNED
,I_IBG-TGPL1,INTNED
,I_IBG-TRFD1,INTNED
,I_IBG-TRFG1,INTNED
,I_IBG-TRLS1,INTNED
,I_IBG-VETR1,INTNED
,I_IBG-VOLT1,INTNED
,I_IBG-VSAL1,INTNED
,I_IBG-VTUS1,INTNED
,I_IBG-XNON1,INTNED
,I_IED-ELEC1,INTELEC
,I_IED-EWIC1,INTEW
,I_IED-FRAN1,INTFR
,I_IED-GRN1,INTGRNL
,I_IED-IFA2,INTIFA2
,I_IED-MOYL1,INTIRL
,I_IED-NSL1,INTNSL
,I_IED-VKL1,INTVKL
,I_IEG-ELEC1,INTELEC
,I_IEG-EWIC1,INTEW
,I_IEG-FRAN1,INTFR
,I_IEG-GRN1,INTGRNL
,I_IEG-IFA2,INTIFA2
,I_IEG-MOYL1,INTIRL
,I_IEG-NSL1,INTNSL
,I_IEG-VKL1,INTVKL
,I_IFD-ACCE1,INTFR
,I_IFD-ALEU1,INTFR
,I_IFD-ALIP1,INTFR
,I_IFD-ALPE1,INTFR
,I_IFD-ARON1,INTFR
,I_IFD-AROS1,INTFR
,I_IFD-ARTH1,INTFR
,I_IFD-ATLS1,INTFR
,I_IFD-BAYW1,INTFR
,I_IFD-BDEN1,INTFR
,I_IFD-BKWE1,INTFR
,I_IFD-BNPS1,INTFR
,I_IFD-BPGE1,INTFR
,I_IFD-CACM1,INTFR
,I_IFD-CBST1,INTFR
,I_IFD-CCME1,INTFR
,I_IFD-CETL1,INTFR
,I_IFD-CEZC1,INTFR
,I_IFD-CFPE1,INTFR
,I_IFD-CGML1,INTFR
,I_IFD-CNGS1,INTFR
,I_IFD-CNRE1,INTFR
,I_IFD-COMM1,INTFR
,I_IFD-CONS1,INTFR
,I_IFD-CONV1,INTFR
,I_IFD-COPN1,INTFR
,I_IFD-CURR1,INTFR
,I_IFD-DARE1,INTFR
,I_IFD-DMCC1,INTFR
,I_IFD-DNGN1,INTFR
,I_IFD-DSKC1,INTFR
,I_IFD-DUEN1,INTFR
,I_IFD-DUFE1,INTFR
,I_IFD-DVAL1,INTFR
,I_IFD-DVTD1,INTFR
,I_IFD-ECCA1,INTFR
,I_IFD-EDFT1,INTFR
,I_IFD-EDMK1,INTFR
,I_IFD-EGLE1,INTFR
,I_IFD-ELEE1,INTFR
,I_IFD-ELTR1,INTFR
,I_IFD-ENBW1,INTFR
,I_IFD-ENEL1,INTFR
,I_IFD-ENET1,INTFR
,I_IFD-ENKI1,INTFR
,I_IFD-ENSC1,INTFR
,I_IFD-ENSP1,INTFR
,I_IFD-ENTC1,INTFR
,I_IFD-ENVM1,INTFR
,I_IFD-ENZL1,INTFR
,I_IFD-EOET1,INTFR
,I_IFD-EPCO1,INTFR
,I_IFD-ERVA1,INTFR
,I_IFD-EWII1,INTFR
,I_IFD-EXXO1,INTFR
,I_IFD-EZCO1,INTFR
,I_IFD-EZPD1,INTFR
,I_IFD-FLEX1,INTFR
,I_IFD-FPCD1,INTFR
,I_IFD-GASE1,INTFR
,I_IFD-GAZP1,INTFR
,I_IFD-GDFE1,INTFR
,I_IFD-GENI1,INTFR
,I_IFD-GLEN1,INTFR
,I_IFD-GRMC1,INTFR
,I_IFD-GRMT1,INTFR
,I_IFD-HART1,INTFR
,I_IFD-HELI1,INTFR
,I_IFD-IBES1,INTFR
,I_IFD-IDCT1,INTFR
,I_IFD-IMPT1,INTFR
,I_IFD-INCM1,INTFR
,I_IFD-JWME1,INTFR
,I_IFD-KCST1,INTFR
,I_IFD-KVAS1,INTFR
,I_IFD-LTFD1,INTFR
,I_IFD-MCRA1,INTFR
,I_IFD-MFTE1,INTFR
,I_IFD-MQBN1,INTFR
,I_IFD-NEAS1,INTFR
,I_IFD-NEHO1,INTFR
,I_IFD-NITR1,INTFR
,I_IFD-NORL1,INTFR
,I_IFD-NSDQ1,INTFR
,I_IFD-NTPL1,INTFR
,I_IFD-NVAL1,INTFR
,I_IFD-OMPX1,INTFR
,I_IFD-OPMX1,INTFR
,I_IFD-OUTL1,INTFR
,I_IFD-PEAK1,INTFR
,I_IFD-PETC1,INTFR
,I_IFD-PLAN1,INTFR
,I_IFD-PTRS1,INTFR
,I_IFD-PWMR1,INTFR
,I_IFD-QTPT1,INTFR
,I_IFD-QUAR1,INTFR
,I_IFD-QUEN1,INTFR
,I_IFD-RESP1,INTFR
,I_IFD-RISQ1,INTFR
,I_IFD-RWES1,INTFR
,I_IFD-SEAG1,INTFR
,I_IFD-SECF1,INTFR
,I_IFD-SETL1,INTFR
,I_IFD-SIRI1,INTFR
,I_IFD-SPEM1,INTFR
,I_IFD-SSEG1,INTFR
,I_IFD-STAT1,INTFR
,I_IFD-STGS1,INTFR
,I_IFD-TFEE1,INTFR
,I_IFD-TRFD1,INTFR
,I_IFD-TRFG1,INTFR
,I_IFD-TRGY1,INTFR
,I_IFD-TRLS1,INTFR
,I_IFD-TRSI1,INTFR
,I_IFD-VOLT1,INTFR
,I_IFD-VSAL1,INTFR
,I_IFD-VTFS1,INTFR
,I_IFD-WOLF1,INTFR
,I_IFD-XNON1,INTFR
,I_IFG-ACCE1,INTFR
,I_IFG-ALEU1,INTFR
,I_IFG-ALIP1,INTFR
,I_IFG-ALPE1,INTFR
,I_IFG-ARON1,INTFR
,I_IFG-AROS1,INTFR
,I_IFG-ARTH1,INTFR
,I_IFG-ATLS1,INTFR
,I_IFG-BAYW1,INTFR
,I_IFG-BDEN1,INTFR
,I_IFG-BKWE1,INTFR
,I_IFG-BNPS1,INTFR
,I_IFG-BPGE1,INTFR
,I_IFG-CACM1,INTFR
,I_IFG-CBST1,INTFR
,I_IFG-CCME1,INTFR
,I_IFG-CETL1,INTFR
,I_IFG-CEZC1,INTFR
,I_IFG-CFPE1,INTFR
,I_IFG-CGML1,INTFR
,I_IFG-CNGS1,INTFR
,I_IFG-CNRE1,INTFR
,I_IFG-COMM1,INTFR
,I_IFG-CONS1,INTFR
,I_IFG-CONV1,INTFR
,I_IFG-COPN1,INTFR
,I_IFG-CURR1,INTFR
,I_IFG-DARE1,INTFR
,I_IFG-DMCC1,INTFR
,I_IFG-DNGN1,INTFR
,I_IFG-DSKC1,INTFR
,I_IFG-DUEN1,INTFR
,I_IFG-DUFE1,INTFR
,I_IFG-DVAL1,INTFR
,I_IFG-DVTD1,INTFR
,I_IFG-ECCA1,INTFR
,I_IFG-EDFT1,INTFR
,I_IFG-EDMK1,INTFR
,I_IFG-EGLE1,INTFR
,I_IFG-ELEE1,INTFR
,I_IFG-ELTR1,INTFR
,I_IFG-ENBW1,INTFR
,I_IFG-ENEL1,INTFR
,I_IFG-ENET1,INTFR
,I_IFG-ENKI1,INTFR
,I_IFG-ENSC1,INTFR
,I_IFG-ENSP1,INTFR
,I_IFG-ENTC1,INTFR
,I_IFG-ENVM1,INTFR
,I_IFG-ENZL1,INTFR
,I_IFG-EOET1,INTFR
,I_IFG-EPCO1,INTFR
,I_IFG-ERVA1,INTFR
,I_IFG-EWII1,INTFR
,I_IFG-EXXO1,INTFR
,I_IFG-EZCO1,INTFR
,I_IFG-EZPD1,INTFR
,I_IFG-FLEX1,INTFR
,I_IFG-FPCD1,INTFR
,I_IFG-GASE1,INTFR
,I_IFG-GAZP1,INTFR
,I_IFG-GDFE1,INTFR
,I_IFG-GENI1,INTFR
,I_IFG-GLEN1,INTFR
,I_IFG-GRMC1,INTFR
,I_IFG-GRMT1,INTFR
,I_IFG-HART1,INTFR
,I_IFG-HELI1,INTFR
,I_IFG-IBES1,INTFR
,I_IFG-IDCT1,INTFR
,I_IFG-IMPT1,INTFR
,I_IFG-INCM1,INTFR
,I_IFG-JWME1,INTFR
,I_IFG-KCST1,INTFR
,I_IFG-KVAS1,INTFR
,I_IFG-LTFD1,INTFR
,I_IFG-MCRA1,INTFR
,I_IFG-MFTE1,INTFR
,I_IFG-MQBN1,INTFR
,I_IFG-NEAS1,INTFR
,I_IFG-NEHO1,INTFR
,I_IFG-NITR1,INTFR
,I_IFG-NORL1,INTFR
,I_IFG-NSDQ1,INTFR
,I_IFG-NTPL1,INTFR
,I_IFG-NVAL1,INTFR
,I_IFG-OMPX1,INTFR
,I_IFG-OPMX1,INTFR
,I_IFG-OUTL1,INTFR
,I_IFG-PEAK1,INTFR
,I_IFG-PETC1,INTFR
,I_IFG-PLAN1,INTFR
,I_IFG-PTRS1,INTFR
,I_IFG-PWMR1,INTFR
,I_IFG-QTPT1,INTFR
,I_IFG-QUAR1,INTFR
,I_IFG-QUEN1,INTFR
,I_IFG-RESP1,INTFR
,I_IFG-RISQ1,INTFR
,I_IFG-RWES1,INTFR
,I_IFG-SEAG1,INTFR
,I_IFG-SECF1,INTFR
,I_IFG-SETL1,INTFR
,I_IFG-SIRI1,INTFR
,I_IFG-SPEM1,INTFR
,I_IFG-SSEG1,INTFR
,I_IFG-STAT1,INTFR
,I_IFG-STGS1,INTFR
,I_IFG-TFEE1,INTFR
,I_IFG-TRFD1,INTFR
,I_IFG-TRFG1,INTFR
,I_IFG-TRGY1,INTFR
,I_IFG-TRLS1,INTFR
,I_IFG-TRSI1,INTFR
,I_IFG-VOLT1,INTFR
,I_IFG-VSAL1,INTFR
,I_IFG-VTFS1,INTFR
,I_IFG-WOLF1,INTFR
,I_IFG-XNON1,INTFR
,I_IGD-STAT1,INTGRNL
,I_IGG-STAT1,INTGRNL
,I_IID-AXPO1,INTEW
,I_IID-BGSE1,INTEW
,I_IID-BRKF1,INTEW
,I_IID-CAPT1,INTEW
,I_IID-CNGS1,INTEW
,I_IID-DSKC1,INTEW
,I_IID-ECCA1,INTEW
,I_IID-EGEN1,INTEW
,I_IID-ELTR1,INTEW
,I_IID-ENGI1,INTEW
,I_IID-ERVA1,INTEW
,I_IID-ESBI1,INTEW
,I_IID-ESBI2,INTEW
,I_IID-GLTR1,INTEW
,I_IID-INCM1,INTEW
,I_IID-LTFD1,INTEW
,I_IID-NSEN1,INTEW
,I_IID-PRNI1,INTEW
,I_IID-RWES1,INTEW
,I_IID-SEEL1,INTEW
,I_IID-SSES1,INTEW
,I_IID-STAT1,INTEW
,I_IID-TRLS1,INTEW
,I_IID-VAYU1,INTEW
,I_IID-VESL1,INTEW
,I_IIG-AXPO1,INTEW
,I_IIG-BGSE1,INTEW
,I_IIG-BRKF1,INTEW
,I_IIG-CAPT1,INTEW
,I_IIG-CNGS1,INTEW
,I_IIG-DSKC1,INTEW
,I_IIG-ECCA1,INTEW
,I_IIG-EGEN1,INTEW
,I_IIG-ELTR1,INTEW
,I_IIG-ENGI1,INTEW
,I_IIG-ERVA1,INTEW
,I_IIG-ESBI1,INTEW
,I_IIG-ESBI2,INTEW
,I_IIG-GLTR1,INTEW
,I_IIG-INCM1,INTEW
,I_IIG-LTFD1,INTEW
,I_IIG-NSEN1,INTEW
,I_IIG-PRNI1,INTEW
,I_IIG-RWES1,INTEW
,I_IIG-SEEL1,INTEW
,I_IIG-SSES1,INTEW
,I_IIG-STAT1,INTEW
,I_IIG-TRLS1,INTEW
,I_IIG-VAYU1,INTEW
,I_IIG-VESL1,INTEW
,I_ILD-ALIP1,INTELEC
,I_ILD-ALPE1,INTELEC
,I_ILD-ARON1,INTELEC
,I_ILD-AROS1,INTELEC
,I_ILD-ARTH1,INTELEC
,I_ILD-ATLS1,INTELEC
,I_ILD-BAYW1,INTELEC
,I_ILD-BKWE1,INTELEC
,I_ILD-BPGM1,INTELEC
,I_ILD-CACM1,INTELEC
,I_ILD-CBST1,INTELEC
,I_ILD-CCME1,INTELEC
,I_ILD-CENT1,INTELEC
,I_ILD-CETL1,INTELEC
,I_ILD-CEZC1,INTELEC
,I_ILD-CFPE1,INTELEC
,I_ILD-COMM1,INTELEC
,I_ILD-CONS1,INTELEC
,I_ILD-COPN1,INTELEC
,I_ILD-CURR1,INTELEC
,I_ILD-DARE1,INTELEC
,I_ILD-DMCC1,INTELEC
,I_ILD-DSKC1,INTELEC
,I_ILD-DUEN1,INTELEC
,I_ILD-DUFE1,INTELEC
,I_ILD-DVAL1,INTELEC
,I_ILD-DVTD1,INTELEC
,I_ILD-EDFT1,INTELEC
,I_ILD-EDMK1,INTELEC
,I_ILD-ELTR1,INTELEC
,I_ILD-ENBW1,INTELEC
,I_ILD-ENGM1,INTELEC
,I_ILD-ENSC1,INTELEC
,I_ILD-ENTC1,INTELEC
,I_ILD-EPCO1,INTELEC
,I_ILD-EWII1,INTELEC
,I_ILD-EXXO1,INTELEC
,I_ILD-EZCO1,INTELEC
,I_ILD-EZPD1,INTELEC
,I_ILD-FLEX1,INTELEC
,I_ILD-GENI1,INTELEC
,I_ILD-GLEN1,INTELEC
,I_ILD-GNER1,INTELEC
,I_ILD-GRMC1,INTELEC
,I_ILD-HART1,INTELEC
,I_ILD-HELI1,INTELEC
,I_ILD-IMPT1,INTELEC
,I_ILD-INCM1,INTELEC
,I_ILD-JWME1,INTELEC
,I_ILD-MCRA1,INTELEC
,I_ILD-MFTE1,INTELEC
,I_ILD-NDPL1,INTELEC
,I_ILD-NEAS1,INTELEC
,I_ILD-NEHO1,INTELEC
,I_ILD-NITR1,INTELEC
,I_ILD-NORL1,INTELEC
,I_ILD-NTPL1,INTELEC
,I_ILD-NWAT1,INTELEC
,I_ILD-OPMX1,INTELEC
,I_ILD-OUTL1,INTELEC
,I_ILD-PEAK1,INTELEC
,I_ILD-PETC1,INTELEC
,I_ILD-PREP1,INTELEC
,I_ILD-PWMR1,INTELEC
,I_ILD-QUAR1,INTELEC
,I_ILD-RESP1,INTELEC
,I_ILD-RISQ1,INTELEC
,I_ILD-RWES1,INTELEC
,I_ILD-SEFE1,INTELEC
,I_ILD-SETL1,INTELEC
,I_ILD-SIRI1,INTELEC
,I_ILD-STGS1,INTELEC
,I_ILD-TGPL1,INTELEC
,I_ILD-TRFD1,INTELEC
,I_ILD-TRFG1,INTELEC
,I_ILD-TRLS1,INTELEC
,I_ILD-VOLT1,INTELEC
,I_ILD-VSAL1,INTELEC
,I_ILD-VTFS1,INTELEC
,I_ILD-XNON1,INTELEC
,I_ILG-ALIP1,INTELEC
,I_ILG-ALPE1,INTELEC
,I_ILG-ARON1,INTELEC
,I_ILG-AROS1,INTELEC
,I_ILG-ARTH1,INTELEC
,I_ILG-ATLS1,INTELEC
,I_ILG-BAYW1,INTELEC
,I_ILG-BKWE1,INTELEC
,I_ILG-BPGM1,INTELEC
,I_ILG-CACM1,INTELEC
,I_ILG-CBST1,INTELEC
,I_ILG-CCME1,INTELEC
,I_ILG-CENT1,INTELEC
,I_ILG-CETL1,INTELEC
,I_ILG-CEZC1,INTELEC
,I_ILG-CFPE1,INTELEC
,I_ILG-COMM1,INTELEC
,I_ILG-CONS1,INTELEC
,I_ILG-COPN1,INTELEC
,I_ILG-CURR1,INTELEC
,I_ILG-DARE1,INTELEC
,I_ILG-DMCC1,INTELEC
,I_ILG-DSKC1,INTELEC
,I_ILG-DUEN1,INTELEC
,I_ILG-DUFE1,INTELEC
,I_ILG-DVAL1,INTELEC
,I_ILG-DVTD1,INTELEC
,I_ILG-EDFT1,INTELEC
,I_ILG-EDMK1,INTELEC
,I_ILG-ELTR1,INTELEC
,I_ILG-ENBW1,INTELEC
,I_ILG-ENGM1,INTELEC
,I_ILG-ENSC1,INTELEC
,I_ILG-ENTC1,INTELEC
,I_ILG-EPCO1,INTELEC
,I_ILG-EWII1,INTELEC
,I_ILG-EXXO1,INTELEC
,I_ILG-EZCO1,INTELEC
,I_ILG-EZPD1,INTELEC
,I_ILG-FLEX1,INTELEC
,I_ILG-GENI1,INTELEC
,I_ILG-GLEN1,INTELEC
,I_ILG-GNER1,INTELEC
,I_ILG-GRMC1,INTELEC
,I_ILG-HART1,INTELEC
,I_ILG-HELI1,INTELEC
,I_ILG-IMPT1,INTELEC
,I_ILG-INCM1,INTELEC
,I_ILG-JWME1,INTELEC
,I_ILG-MCRA1,INTELEC
,I_ILG-MFTE1,INTELEC
,I_ILG-NDPL1,INTELEC
,I_ILG-NEAS1,INTELEC
,I_ILG-NEHO1,INTELEC
,I_ILG-NITR1,INTELEC
,I_ILG-NORL1,INTELEC
,I_ILG-NTPL1,INTELEC
,I_ILG-NWAT1,INTELEC
,I_ILG-OPMX1,INTELEC
,I_ILG-OUTL1,INTELEC
,I_ILG-PEAK1,INTELEC
,I_ILG-PETC1,INTELEC
,I_ILG-PREP1,INTELEC
,I_ILG-PWMR1,INTELEC
,I_ILG-QUAR1,INTELEC
,I_ILG-RESP1,INTELEC
,I_ILG-RISQ1,INTELEC
,I_ILG-RWES1,INTELEC
,I_ILG-SEFE1,INTELEC
,I_ILG-SETL1,INTELEC
,I_ILG-SIRI1,INTELEC
,I_ILG-STGS1,INTELEC
,I_ILG-TGPL1,INTELEC
,I_ILG-TRFD1,INTELEC
,I_ILG-TRFG1,INTELEC
,I_ILG-TRLS1,INTELEC
,I_ILG-VOLT1,INTELEC
,I_ILG-VSAL1,INTELEC
,I_ILG-VTFS1,INTELEC
,I_ILG-XNON1,INTELEC
,I_IMD-AXPO1,INTIRL
,I_IMD-BGSE1,INTIRL
,I_IMD-BRKF1,INTIRL
,I_IMD-CAPT1,INTIRL
,I_IMD-CNGS1,INTIRL
,I_IMD-DSKC1,INTIRL
,I_IMD-ECCA1,INTIRL
,I_IMD-EGEN1,INTIRL
,I_IMD-ELTR1,INTIRL
,I_IMD-ENGI1,INTIRL
,I_IMD-ERVA1,INTIRL
,I_IMD-ESBE1,INTIRL
,I_IMD-ESBI1,INTIRL
,I_IMD-GLTR1,INTIRL
,I_IMD-INCM1,INTIRL
,I_IMD-LTFD1,INTIRL
,I_IMD-NIRE1,INTIRL
,I_IMD-NSEN1,INTIRL
,I_IMD-PRNI1,INTIRL
,I_IMD-RWEM1,INTIRL
,I_IMD-RWES1,INTIRL
,I_IMD-SEEL1,INTIRL
,I_IMD-SPEM1,INTIRL
,I_IMD-SSTH1,INTIRL
,I_IMD-STAT1,INTIRL
,I_IMD-TRLS1,INTIRL
,I_IMD-VESL1,INTIRL
,I_IMG-AXPO1,INTIRL
,I_IMG-BGSE1,INTIRL
,I_IMG-BRKF1,INTIRL
,I_IMG-CAPT1,INTIRL
,I_IMG-CNGS1,INTIRL
,I_IMG-DSKC1,INTIRL
,I_IMG-ECCA1,INTIRL
,I_IMG-EGEN1,INTIRL
,I_IMG-ELTR1,INTIRL
,I_IMG-ENGI1,INTIRL
,I_IMG-ERVA1,INTIRL
,I_IMG-ESBE1,INTIRL
,I_IMG-ESBI1,INTIRL
,I_IMG-GLTR1,INTIRL
,I_IMG-INCM1,INTIRL
,I_IMG-LTFD1,INTIRL
,I_IMG-NIRE1,INTIRL
,I_IMG-NSEN1,INTIRL
,I_IMG-PRNI1,INTIRL
,I_IMG-RWEM1,INTIRL
,I_IMG-RWES1,INTIRL
,I_IMG-SEEL1,INTIRL
,I_IMG-SPEM1,INTIRL
,I_IMG-SSTH1,INTIRL
,I_IMG-STAT1,INTIRL
,I_IMG-TRLS1,INTIRL
,I_IMG-VESL1,INTIRL
,I_IND-ALIP1,INTNEM
,I_IND-ALPE1,INTNEM
,I_IND-ARON1,INTNEM
,I_IND-AROS1,INTNEM
,I_IND-ARTH1,INTNEM
,I_IND-ATLS1,INTNEM
,I_IND-AXPO1,INTNEM
,I_IND-BAYW1,INTNEM
,I_IND-BDEN1,INTNEM
,I_IND-BKWE1,INTNEM
,I_IND-BPGM1,INTNEM
,I_IND-CACM1,INTNEM
,I_IND-CBST1,INTNEM
,I_IND-CCME1,INTNEM
,I_IND-CENT1,INTNEM
,I_IND-CETA1,INTNEM
,I_IND-CEZC1,INTNEM
,I_IND-CFPE1,INTNEM
,I_IND-CNGS1,INTNEM
,I_IND-COMM1,INTNEM
,I_IND-CONS1,INTNEM
,I_IND-CONV1,INTNEM
,I_IND-COPN1,INTNEM
,I_IND-DARE1,INTNEM
,I_IND-DMCC1,INTNEM
,I_IND-DSKC1,INTNEM
,I_IND-DUFE1,INTNEM
,I_IND-DVAL1,INTNEM
,I_IND-EDFT1,INTNEM
,I_IND-EDMK1,INTNEM
,I_IND-ELEE1,INTNEM
,I_IND-ELTR1,INTNEM
,I_IND-ENET1,INTNEM
,I_IND-ENTC1,INTNEM
,I_IND-ENZL1,INTNEM
,I_IND-EPCO1,INTNEM
,I_IND-EWII1,INTNEM
,I_IND-EZCO1,INTNEM
,I_IND-FLEX1,INTNEM
,I_IND-GASE1,INTNEM
,I_IND-GAZP1,INTNEM
,I_IND-GENI1,INTNEM
,I_IND-GLEN1,INTNEM
,I_IND-GRMC1,INTNEM
,I_IND-HART1,INTNEM
,I_IND-HELI1,INTNEM
,I_IND-IDCE1,INTNEM
,I_IND-IDCT1,INTNEM
,I_IND-INCM1,INTNEM
,I_IND-KCST1,INTNEM
,I_IND-KVAS1,INTNEM
,I_IND-LMUS1,INTNEM
,I_IND-MCRA1,INTNEM
,I_IND-MFTE1,INTNEM
,I_IND-NDPL1,INTNEM
,I_IND-NEAS1,INTNEM
,I_IND-NEHO1,INTNEM
,I_IND-NEMO1,INTNEM
,I_IND-NITR1,INTNEM
,I_IND-NORL1,INTNEM
,I_IND-NTPL1,INTNEM
,I_IND-OMPX1,INTNEM
,I_IND-OPMX1,INTNEM
,I_IND-OUTL1,INTNEM
,I_IND-PETC1,INTNEM
,I_IND-PWMR1,INTNEM
,I_IND-QUEN1,INTNEM
,I_IND-RESP1,INTNEM
,I_IND-RISQ1,INTNEM
,I_IND-RWES1,INTNEM
,I_IND-SECF1,INTNEM
,I_IND-SETL1,INTNEM
,I_IND-SIRI1,INTNEM
,I_IND-SSEG1,INTNEM
,I_IND-STAT1,INTNEM
,I_IND-STGS1,INTNEM
,I_IND-TGPL1,INTNEM
,I_IND-TRFD1,INTNEM
,I_IND-TRFG1,INTNEM
,I_IND-TRLS1,INTNEM
,I_IND-VOLT1,INTNEM
,I_IND-VSAL1,INTNEM
,I_IND-VTET1,INTNEM
,I_IND-XNON1,INTNEM
,I_ING-ALIP1,INTNEM
,I_ING-ALPE1,INTNEM
,I_ING-ARON1,INTNEM
,I_ING-AROS1,INTNEM
,I_ING-ARTH1,INTNEM
,I_ING-ATLS1,INTNEM
,I_ING-AXPO1,INTNEM
,I_ING-BAYW1,INTNEM
,I_ING-BDEN1,INTNEM
,I_ING-BKWE1,INTNEM
,I_ING-BPGM1,INTNEM
,I_ING-CACM1,INTNEM
,I_ING-CBST1,INTNEM
,I_ING-CCME1,INTNEM
,I_ING-CENT1,INTNEM
,I_ING-CETA1,INTNEM
,I_ING-CEZC1,INTNEM
,I_ING-CFPE1,INTNEM
,I_ING-CNGS1,INTNEM
,I_ING-COMM1,INTNEM
,I_ING-CONS1,INTNEM
,I_ING-CONV1,INTNEM
,I_ING-COPN1,INTNEM
,I_ING-DARE1,INTNEM
,I_ING-DMCC1,INTNEM
,I_ING-DSKC1,INTNEM
,I_ING-DUFE1,INTNEM
,I_ING-DVAL1,INTNEM
,I_ING-EDFT1,INTNEM
,I_ING-EDMK1,INTNEM
,I_ING-ELEE1,INTNEM
,I_ING-ELTR1,INTNEM
,I_ING-ENET1,INTNEM
,I_ING-ENTC1,INTNEM
,I_ING-ENZL1,INTNEM
,I_ING-EPCO1,INTNEM
,I_ING-EWII1,INTNEM
,I_ING-EZCO1,INTNEM
,I_ING-FLEX1,INTNEM
,I_ING-GASE1,INTNEM
,I_ING-GAZP1,INTNEM
,I_ING-GENI1,INTNEM
,I_ING-GLEN1,INTNEM
,I_ING-GRMC1,INTNEM
,I_ING-HART1,INTNEM
,I_ING-HELI1,INTNEM
,I_ING-IDCE1,INTNEM
,I_ING-IDCT1,INTNEM
,I_ING-INCM1,INTNEM
,I_ING-KCST1,INTNEM
,I_ING-KVAS1,INTNEM
,I_ING-LMUS1,INTNEM
,I_ING-MCRA1,INTNEM
,I_ING-MFTE1,INTNEM
,I_ING-NDPL1,INTNEM
,I_ING-NEAS1,INTNEM
,I_ING-NEHO1,INTNEM
,I_ING-NEMO1,INTNEM
,I_ING-NITR1,INTNEM
,I_ING-NORL1,INTNEM
,I_ING-NTPL1,INTNEM
,I_ING-OMPX1,INTNEM
,I_ING-OPMX1,INTNEM
,I_ING-OUTL1,INTNEM
,I_ING-PETC1,INTNEM
,I_ING-PWMR1,INTNEM
,I_ING-QUEN1,INTNEM
,I_ING-RESP1,INTNEM
,I_ING-RISQ1,INTNEM
,I_ING-RWES1,INTNEM
,I_ING-SECF1,INTNEM
,I_ING-SETL1,INTNEM
,I_ING-SIRI1,INTNEM
,I_ING-SSEG1,INTNEM
,I_ING-STAT1,INTNEM
,I_ING-STGS1,INTNEM
,I_ING-TGPL1,INTNEM
,I_ING-TRFD1,INTNEM
,I_ING-TRFG1,INTNEM
,I_ING-TRLS1,INTNEM
,I_ING-VOLT1,INTNEM
,I_ING-VSAL1,INTNEM
,I_ING-VTET1,INTNEM
,I_ING-XNON1,INTNEM
,I_ISD-DMCC1,INTNSL
,I_ISD-NDPL1,INTNSL
,I_ISG-DMCC1,INTNSL
,I_ISG-NDPL1,INTNSL
,I_IVD-AARH1,INTVKL
,I_IVD-AENG1,INTVKL
,I_IVD-ALIP1,INTVKL
,I_IVD-ALPE1,INTVKL
,I_IVD-AROS1,INTVKL
,I_IVD-ARTH1,INTVKL
,I_IVD-ATLS1,INTVKL
,I_IVD-BDEN1,INTVKL
,I_IVD-CACM1,INTVKL
,I_IVD-CONV1,INTVKL
,I_IVD-COPN1,INTVKL
,I_IVD-CURR1,INTVKL
,I_IVD-DARE1,INTVKL
,I_IVD-DSKC1,INTVKL
,I_IVD-DUFE1,INTVKL
,I_IVD-DVAL1,INTVKL
,I_IVD-EDFT1,INTVKL
,I_IVD-EDMK1,INTVKL
,I_IVD-EENG1,INTVKL
,I_IVD-ELTR1,INTVKL
,I_IVD-ENSC1,INTVKL
,I_IVD-ENZL1,INTVKL
,I_IVD-EWII1,INTVKL
,I_IVD-EZCO1,INTVKL
,I_IVD-FLEX1,INTVKL
,I_IVD-GRDC1,INTVKL
,I_IVD-GRMC1,INTVKL
,I_IVD-GRMT1,INTVKL
,I_IVD-HART1,INTVKL
,I_IVD-HELI1,INTVKL
,I_IVD-IDCE1,INTVKL
,I_IVD-IDCT1,INTVKL
,I_IVD-IMPT1,INTVKL
,I_IVD-INCM1,INTVKL
,I_IVD-KVAS1,INTVKL
,I_IVD-LYSE1,INTVKL
,I_IVD-MFTE1,INTVKL
,I_IVD-NEAS1,INTVKL
,I_IVD-NEHO1,INTVKL
,I_IVD-NEXT1,INTVKL
,I_IVD-NITR1,INTVKL
,I_IVD-NORL1,INTVKL
,I_IVD-NTPL1,INTVKL
,I_IVD-OPMX1,INTVKL
,I_IVD-OUTL1,INTVKL
,I_IVD-PETC1,INTVKL
,I_IVD-PWMR1,INTVKL
,I_IVD-QTPT1,INTVKL
,I_IVD-QUEN1,INTVKL
,I_IVD-RESP1,INTVKL
,I_IVD-RWES1,INTVKL
,I_IVD-SECF1,INTVKL
,I_IVD-SEFE1,INTVKL
,I_IVD-STAT1,INTVKL
,I_IVD-STGS1,INTVKL
,I_IVD-TGPL1,INTVKL
,I_IVD-TRAS1,INTVKL
,I_IVD-TRLS1,INTVKL
,I_IVD-VOLT1,INTVKL
,I_IVD-VSAL1,INTVKL
,I_IVD-VTFS1,INTVKL
,I_IVD-WOLF1,INTVKL
,I_IVG-AARH1,INTVKL
,I_IVG-AENG1,INTVKL
,I_IVG-ALIP1,INTVKL
,I_IVG-ALPE1,INTVKL
,I_IVG-AROS1,INTVKL
,I_IVG-ARTH1,INTVKL
,I_IVG-ATLS1,INTVKL
,I_IVG-BDEN1,INTVKL
,I_IVG-CACM1,INTVKL
,I_IVG-CONV1,INTVKL
,I_IVG-COPN1,INTVKL
,I_IVG-CURR1,INTVKL
,I_IVG-DARE1,INTVKL
,I_IVG-DSKC1,INTVKL
,I_IVG-DUFE1,INTVKL
,I_IVG-DVAL1,INTVKL
,I_IVG-EDFT1,INTVKL
,I_IVG-EDMK1,INTVKL
,I_IVG-EENG1,INTVKL
,I_IVG-ELTR1,INTVKL
,I_IVG-ENSC1,INTVKL
,I_IVG-ENZL1,INTVKL
,I_IVG-EWII1,INTVKL
,I_IVG-EZCO1,INTVKL
,I_IVG-FLEX1,INTVKL
,I_IVG-GRDC1,INTVKL
,I_IVG-GRMC1,INTVKL
,I_IVG-GRMT1,INTVKL
,I_IVG-HART1,INTVKL
,I_IVG-HELI1,INTVKL
,I_IVG-IDCE1,INTVKL
,I_IVG-IDCT1,INTVKL
,I_IVG-IMPT1,INTVKL
,I_IVG-INCM1,INTVKL
,I_IVG-KVAS1,INTVKL
,I_IVG-LYSE1,INTVKL
,I_IVG-MFTE1,INTVKL
,I_IVG-NEAS1,INTVKL
,I_IVG-NEHO1,INTVKL
,I_IVG-NEXT1,INTVKL
,I_IVG-NITR1,INTVKL
,I_IVG-NORL1,INTVKL
,I_IVG-NTPL1,INTVKL
,I_IVG-OPMX1,INTVKL
,I_IVG-OUTL1,INTVKL
,I_IVG-PETC1,INTVKL
,I_IVG-PWMR1,INTVKL
,I_IVG-QTPT1,INTVKL
,I_IVG-QUEN1,INTVKL
,I_IVG-RESP1,INTVKL
,I_IVG-RWES1,INTVKL
,I_IVG-SECF1,INTVKL
,I_IVG-SEFE1,INTVKL
,I_IVG-STAT1,INTVKL
,I_IVG-STGS1,INTVKL
,I_IVG-TGPL1,INTVKL
,I_IVG-TRAS1,INTVKL
,I_IVG-TRLS1,INTVKL
,I_IVG-VOLT1,INTVKL
,I_IVG-VSAL1,INTVKL
,I_IVG-VTFS1,INTVKL
,I_IVG-WOLF1,INTVKL
CAS-BEU01,M_CAS-BEU01,NPSHYD
CAS-CLU01,M_CAS-CLU01,NPSHYD
CAS-CON01,M_CAS-CON01,NPSHYD
CAS-GAR01,M_CAS-GAR01,NPSHYD
CAS-KIL01,M_CAS-KIL01,NPSHYD
CAS-MOR01,M_CAS-MOR01,NPSHYD
SLOY-1,M_SLOY-1,NPSHYD
SLOY-4,M_SLOY-4,NPSHYD
ABRBO-1,T_ABRBO-1,WIND
ACHRW-1,T_ACHRW-1,WIND
AFTOW-1,T_AFTOW-1,WIND
AKGLW-2,T_AKGLW-2,WIND
AKGLW-3,T_AKGLW-3,WIND
ANGLD-1,T_ANGLD-1,OTHER
ANSUW-1,T_ANSUW-1,WIND
ARCHW-1,T_ARCHW-1,WIND
BAGE-1,T_BAGE-1,CCGT
BAGE-2,T_BAGE-2,CCGT
BAGTD-1,T_BAGTD-1,OTHER
BDCHW-1,T_BDCHW-1,WIND
BEASC-1,T_BEASC-1,OTHER
BEATO-1,T_BEATO-1,WIND
BEATO-2,T_BEATO-2,WIND
BEATO-3,T_BEATO-3,WIND
BEATO-4,T_BEATO-4,WIND
BEINW-1,T_BEINW-1,WIND
BENBW-1,T_BENBW-1,WIND
BHLAW-1,T_BHLAW-1,WIND
BLHLB-1,T_BLHLB-1,OTHER
BLHLB-2,T_BLHLB-2,OTHER
BLHLB-3,T_BLHLB-3,OTHER
BLHLB-4,T_BLHLB-4,OTHER
BLHLD-1,T_BLHLD-1,OTHER
BLHLD-2,T_BLHLD-2,OTHER
BLHLD-3,T_BLHLD-3,OTHER
BLKWW-1,T_BLKWW-1,WIND
BLLA-1,T_BLLA-1,WIND
BLLA-2,T_BLLA-2,WIND
BLPFB-1,T_BLPFB-1,OTHER
BOWLW-1,T_BOWLW-1,WIND
BPGRD-1,T_BPGRD-1,OTHER
BPGRD-2,T_BPGRD-2,OTHER
BRBEO-1,T_BRBEO-1,WIND
BRCHS-1,T_BRCHS-1,OTHER
BREDB-1,T_BREDB-1,OTHER
BROCW-1,T_BROCW-1,WIND
BURWS-1,T_BURWS-1,OTHER
BUSTB-1,T_BUSTB-1,OTHER
CAPNB-1,T_CAPNB-1,OTHER
CARR-1,T_CARR-1,CCGT
CARR-2,T_CARR-2,CCGT
CASKD-1,T_CASKD-1,OTHER
CDCL-1,T_CDCL-1,CCGT
CGTHW-1,T_CGTHW-1,WIND
CLACD-1,T_CLACD-1,OTHER
CLDCW-1,T_CLDCW-1,WIND
CLDNW-1,T_CLDNW-1,WIND
CLDSW-1,T_CLDSW-1,WIND
CLVHS-1,T_CLVHS-1,OTHER
CLVHS-2,T_CLVHS-2,OTHER
CNQPS-1,T_CNQPS-1,CCGT
CNQPS-2,T_CNQPS-2,CCGT
CNQPS-3,T_CNQPS-3,CCGT
CNQPS-4,T_CNQPS-4,CCGT
COSO-1,T_COSO-1,CCGT
COUWW-1,T_COUWW-1,WIND
COVNB-1,T_COVNB-1,OTHER
COWB-1,T_COWB-1,OTHER
CRDEW-1,T_CRDEW-1,WIND
CRDEW-2,T_CRDEW-2,WIND
CREAW-1,T_CREAW-1,WIND
CRGHW-1,T_CRGHW-1,WIND
CRMLW-1,T_CRMLW-1,WIND
CRUA-1,T_CRUA-1,PS
CRUA-2,T_CRUA-2,PS
CRUA-3,T_CRUA-3,PS
CRUA-4,T_CRUA-4,PS
CRUAD-1,T_CRUAD-1,OTHER
CRYRW-2,T_CRYRW-2,WIND
CRYRW-3,T_CRYRW-3,WIND
CRYRW-4,T_CRYRW-4,WIND
CUMHW-1,T_CUMHW-1,WIND
CUMHW-2,T_CUMHW-2,WIND
DALQW-1,T_DALQW-1,WIND
DALRD-1,T_DALRD-1,OTHER
DAMC-1,T_DAMC-1,CCGT
DBAWO-1,T_DBAWO-1,WIND
DBAWO-2,T_DBAWO-2,WIND
DBAWO-3,T_DBAWO-3,WIND
DBAWO-4,T_DBAWO-4,WIND
DBAWO-5,T_DBAWO-5,WIND
DBBWO-1,T_DBBWO-1,WIND
DBBWO-2,T_DBBWO-2,WIND
DBBWO-3,T_DBBWO-3,WIND
DBBWO-4,T_DBBWO-4,WIND
DBBWO-5,T_DBBWO-5,WIND
DDGNO-1,T_DDGNO-1,WIND
DDGNO-2,T_DDGNO-2,WIND
DDGNO-3,T_DDGNO-3,WIND
DDGNO-4,T_DDGNO-4,WIND
DEAND-1,T_DEAND-1,OTHER
DIDCB5,T_DIDCB5,CCGT
DIDCB6,T_DIDCB6,CCGT
DINO-1,T_DINO-1,PS
DINO-2,T_DINO-2,PS
DINO-3,T_DINO-3,PS
DINO-4,T_DINO-4,PS
DINO-5,T_DINO-5,PS
DINO-6,T_DINO-6,PS
DNGBD-1,T_DNGB-D,OTHER
DNGB21,T_DNGB21,NUCLEAR
DNGB22,T_DNGB22,NUCLEAR
DNLWW-1,T_DNLWW-1,WIND
DOREW-1,T_DOREW-1,WIND
DOREW-2,T_DOREW-2,WIND
DOUGW-1,T_DOUGW-1,WIND
DRAXX-1,T_DRAXX-1,BIOMASS
DRAXX-10G,T_DRAXX-10G,OCGT
DRAXX-12G,T_DRAXX-12G,OCGT
DRAXX-2,T_DRAXX-2,BIOMASS
DRAXX-3,T_DRAXX-3,BIOMASS
DRAXX-4,T_DRAXX-4,BIOMASS
DRAXX-5,T_DRAXX-5,BIOMASS
DRAXX-6,T_DRAXX-6,BIOMASS
DRAXX-9G,T_DRAXX-9G,OCGT
DRSLW-1,T_DRSLW-1,WIND
DUNGW-1,T_DUNGW-1,WIND
DWEXW-1,T_DWEXW-1,WIND
EAAO-1,T_EAAO-1,WIND
EAAO-2,T_EAAO-2,WIND
ECCFD-1,T_ECCFD-1,OTHER
EDINW-1,T_EDINW-1,WIND
EECL-1,T_EECL-1,CCGT
EGLSD-1,T_EGLSD-1,OTHER
ELVAD-1,T_ELVAD-1,OTHER
ENDRB-1,T_ENDRB-1,OTHER
ENHLW-1,T_ENHLW-1,WIND
ERRO-1,T_ERRO-1,NPSHYD
ERRO-2,T_ERRO-2,NPSHYD
ERRO-3,T_ERRO-3,NPSHYD
EWHLW-1,T_EWHLW-1,WIND
MOSWD-1,T_EXMOSSD-1,OTHER
FALGW-1,T_FALGW-1,WIND
FAARW-1,T_FARR-1,WIND
FAARW-2,T_FARR-2,WIND
FASN-1,T_FASN-1,NPSHYD
FASN2,T_FASN-2,NPSHYD
FERRB-1,T_FERRB-1,OTHER
FERRB-2,T_FERRB-2,OTHER
FFES-1,T_FFES-1,PS
FFES-2,T_FFES-2,PS
FFES-3,T_FFES-3,PS
FFES-4,T_FFES-4,PS
FINL-1,T_FINL-1,NPSHYD
FOYE-1,T_FOYE-1,PS
FOYE-2,T_FOYE-2,PS
FOYED-1,T_FOYED-1,OTHER
FSDLW-1,T_FSDLW-1,WIND
GAOFO-1,T_GANW-11,WIND
GAOFO-3,T_GANW-13,WIND
GAOFO-2,T_GANW-22,WIND
GAOFO-4,T_GANW-24,WIND
GLEND-1,T_GLEND-1,OTHER
GLNDO-1,T_GLNDO-1,NPSHYD
GLNKW-1,T_GLNKW-1,WIND
GLWSW-1,T_GLWSW-1,WIND
GNAPW-1,T_GNAPW-1,WIND
GNFSW-1,T_GNFSW-1,WIND
GNFSW-2,T_GNFSW-2,WIND
GORDW-1,T_GORDW-1,WIND
GORDW-2,T_GORDW-2,WIND
GOWKD-1,T_GOWKD-1,OTHER
GRAI-6,T_GRAI-6,CCGT
GRAI-7,T_GRAI-7,CCGT
GRAI-8,T_GRAI-8,CCGT
GRAI1G,T_GRAI1G,OCGT
GRAI4G,T_GRAI4G,OCGT
GRAISC-1,T_GRAISC-1,OTHER
GRAISC-2,T_GRAISC-2,OTHER
GRGBW-1,T_GRGBW-1,WIND
GRGBW-2,T_GRGBW-2,WIND
GRGBW-3,T_GRGBW-3,WIND
GRIFW-1,T_GRIFW-1,WIND
GRIFW-2,T_GRIFW-2,WIND
GRMO-1,T_GRMO-1,CCGT
GYMRO-15,T_GYMR-15,WIND
GYMRO-17,T_GYMR-17,WIND
GYMRO-26,T_GYMR-26,WIND
GYMRO-28,T_GYMR-28,WIND
HADHW-1,T_HADHW-1,WIND
HAHAW-1,T_HAHAW-1,WIND
HALSW-1,T_HALSW-1,WIND
HEYM11,T_HEYM11,NUCLEAR
HEYM12,T_HEYM12,NUCLEAR
HEYM2D-1,T_HEYM2-D,OTHER
HEYM27,T_HEYM27,NUCLEAR
HEYM28,T_HEYM28,NUCLEAR
HINB-7,T_HINB-7,NUCLEAR
HINB-8,T_HINB-8,NUCLEAR
HIRWN-1,T_HIRWN-1,OCGT
HMGTO-1,T_HMGTO-1,WIND
HMGTO-2,T_HMGTO-2,WIND
HOWAO-1,T_HOWAO-1,WIND
HOWAO-2,T_HOWAO-2,WIND
HOWAO-3,T_HOWAO-3,WIND
HOWBO-1,T_HOWBO-1,WIND
HOWBO-2,T_HOWBO-2,WIND
HOWBO-3,T_HOWBO-3,WIND
HRSTB-1,T_HRSTB-1,OTHER
HRSTW-1,T_HRSTW-1,WIND
HRTL-1,T_HRTL-1,NUCLEAR
HRTL-2,T_HRTL-2,NUCLEAR
HUMR-1,T_HUMR-1,CCGT
HUMR-2,T_HUMR-2,OTHER
HUNB-7,T_HUNB-7,NUCLEAR
HUNB-8,T_HUNB-8,NUCLEAR
INDQ-1,T_INDQ-1,OCGT
JGPR-1,T_JGPR-1,BIOMASS
KEAD-1,T_KEAD-1,CCGT
KEAD-2,T_KEAD-2,CCGT
KEADGT-3,T_KEADGT-3,OCGT
KEMB-1,T_KEMB-1,OTHER
KENNW-1,T_KENNW-1,WIND
KILBW-1,T_KILBW-1,WIND
KILLPG-1,T_KILLPG-1,CCGT
KILLPG-2,T_KILLPG-2,CCGT
KILLSC-1,T_KILLSC-1,OTHER
KILLSC-2,T_KILLSC-2,OTHER
KILNS-1,T_KILNS-1,CCGT
KILSB-1,T_KILSB-1,OTHER
KILSB-2,T_KILSB-2,OTHER
KILSB-3,T_KILSB-3,OTHER
KILSB-4,T_KILSB-4,OTHER
KILSB-5,T_KILSB-5,OTHER
KILSB-6,T_KILSB-6,OTHER
KLGLW-1,T_KLGLW-1,WIND
KPMRW-1,T_KPMRW-1,WIND
KTHLW-1,T_KTHLW-1,WIND
KTHRS-1,T_KTHRS-1,CCGT
KTHRS-2,T_KTHRS-2,CCGT
KYPEW-1,T_KYPEW-1,WIND
LAGA-1,T_LAGA-1,CCGT
LARKB-1,T_LARKB-1,OTHER
LARKS-1,T_LARKS-1,OTHER
LARYO-1,T_LARYW-1,WIND
LARYO-2,T_LARYW-2,WIND
LARYO-3,T_LARYW-3,WIND
LARYO-4,T_LARYW-4,WIND
LBAR-1,T_LBAR-1,CCGT
LBAR-1G,T_LBAR-1G,OCGT
LCLTW-1,T_LCLTW-1,WIND
LIMKW-1,T_LIMKW-1,WIND
LKSDB-1,T_LKSDB-1,OTHER
LLWSD-1,T_LLWSD-1,OTHER
LNCSO-1,T_LNCSW-1,WIND
LNCSO-2,T_LNCSW-2,WIND
LRDSC-1,T_LRDSC-1,OTHER
LRDSC-2,T_LRDSC-2,OTHER
LUICD-1,T_LUICD-1,OTHER
MARMD-1,T_MARMD-1,OTHER
MEADD-1,T_MEADD-1,OTHER
MEDP-1,T_MEDP-1,CCGT
MIDMW-1,T_MIDMW-1,WIND
MILWW-1,T_MILWW-1,WIND
MKFRB-1,T_MKFRB-1,OTHER
MKHLW-1,T_MKHLW-1,WIND
MOSED-1,T_MOSED-1,OTHER
MOWEO-1,T_MOWEO-1,WIND
MOWEO-2,T_MOWEO-2,WIND
MOWEO-3,T_MOWEO-3,WIND
MOWWO-1,T_MOWWO-1,WIND
MOWWO-2,T_MOWWO-2,WIND
MOWWO-3,T_MOWWO-3,WIND
MOWWO-4,T_MOWWO-4,WIND
MRWD-1,T_MRWD-1,CCGT
MYGPW-1,T_MYGPW-1,WIND
NANT-1,T_NANT-1,NPSHYD
NLSTB-1,T_NLSTB-1,OTHER
NNGAO-1,T_NNGAO-1,WIND
NNGAO-2,T_NNGAO-2,WIND
NOKYW-1,T_NOKYW-1,WIND
NOKYW-2,T_NOKYW-2,WIND
NTRVB-1,T_NTRVB-1,OTHER
NURSB-1,T_NURSB-1,OTHER
OCHLB-1,T_OCHLB-1,OTHER
OMNDO-1,T_OMNDW-1,WIND
PARHD-1,T_PARHD-1,OTHER
PEHE-1,T_PEHE-1,CCGT
PEHE-2,T_PEHE-2,CCGT
PEHED-1,T_PEHED-1,OTHER
PEMB-11,T_PEMB-11,CCGT
PEMB-21,T_PEMB-21,CCGT
PEMB-31,T_PEMB-31,CCGT
PEMB-41,T_PEMB-41,CCGT
PEMB-51,T_PEMB-51,CCGT
PGBIW-1,T_PGBIW-1,WIND
PINFB-1,T_PINFB-1,OTHER
PINFB-2,T_PINFB-2,OTHER
PINFB-3,T_PINFB-3,OTHER
PINFB-4,T_PINFB-4,OTHER
PINFD-5,T_PINFD-5,OTHER
PINFD-6,T_PINFD-6,OTHER
PNYCB-1,T_PNYCB-1,OTHER
PNYCW-1,T_PNYCW-1,WIND
POOBD-1,T_POOBD-1,OTHER
PORGD-1,T_PORGD-1,OTHER
RATS-1,T_RATS-1,OCGT
RATS-2,T_RATS-2,OCGT
RATS-3,T_RATS-3,OCGT
RATS-4,T_RATS-4,OCGT
RATSGT-2,T_RATSGT-2,OCGT
RATSGT-4,T_RATSGT-4,OCGT
RAVED-1,T_RAVED-1,OTHER
RCBKO-1,T_RCBKO-1,WIND
RCBKO-2,T_RCBKO-2,WIND
RICHB-1,T_RICHB-1,OTHER
RICHB-2,T_RICHB-2,OTHER
RMPNO-1,T_RMPNO-1,WIND
RMPNO-2,T_RMPNO-2,WIND
ROCK-1,T_ROCK-1,CCGT
RREW-1,T_RREW-1,WIND
RRWW-1,T_RRWW-1,WIND
RTHSC-1,T_RTHSC-1,OTHER
RYHPS-1,T_RYHPS-1,CCGT
SACOD-1,T_SACOD-1,OTHER
SAKNW-1,T_SAKNW-1,WIND
SANQW-1,T_SANQW-1,WIND
SCCL-1,T_SCCL-1,CCGT
SCCL-2,T_SCCL-2,CCGT
SCCL-3,T_SCCL-3,CCGT
SCCLD-1,T_SCCL-4,OTHER
SEAB-1,T_SEAB-1,CCGT
SEAB-2,T_SEAB-2,CCGT
SEEL-1,T_SEEL-1,OCGT
SFGSD-1,T_SFGSD-1,OTHER
SFGSD-2,T_SFGSD-2,OTHER
SFILD-1,T_SFILD-1,OTHER
SGRWO-1,T_SGRWO-1,WIND
SGRWO-2,T_SGRWO-2,WIND
SGRWO-3,T_SGRWO-3,WIND
SGRWO-4,T_SGRWO-4,WIND
SGRWO-5,T_SGRWO-5,WIND
SGRWO-6,T_SGRWO-6,WIND
SHBA-1,T_SHBA-1,CCGT
SHBA-2,T_SHBA-2,CCGT
SHRSO-1,T_SHRSW-1,WIND
SHRSO-2,T_SHRSW-2,WIND
SIMEC-1,T_SIMEC-1,BIOMASS
SIZB-1,T_SIZB-1,NUCLEAR
SIZB-2,T_SIZB-2,NUCLEAR
SLOY-2,T_SLOY-2,NPSHYD
SLOY-3,T_SLOY-3,NPSHYD
SLOYD-1,T_SLOYD-1,OTHER
SOKYW-1,T_SOKYW-1,WIND
SPLN-1,T_SPLN-1,CCGT
STAY-1,T_STAY-1,CCGT
STAY-2,T_STAY-2,CCGT
STAY-3,T_STAY-3,CCGT
STAY-4,T_STAY-4,CCGT
SFERD-1,T_STFERGD-1,OTHER
STLGW-1,T_STLGW-1,WIND
STLGW-2,T_STLGW-2,WIND
STLGW-3,T_STLGW-3,WIND
STRNW-1,T_STRNW-1,WIND
SUNDB-1,T_SUNDB-1,OTHER
SUTB-1,T_SUTB-1,CCGT
SUTBS-1,T_SUTBS-1,OTHER
SVRP-10,T_SVRP-10,CCGT
SVRP-20,T_SVRP-20,CCGT
SZJNB-1,T_SZJNB-1,OTHER
TDBNW-1,T_TDBNW-1,WIND
TEBWB-1,T_TEBWB-1,OTHER
TEBWS-1,T_TEBWS-1,OTHER
THNTO-1,T_THNTO-1,WIND
THNTO-2,T_THNTO-2,WIND
THURB-1,T_THURB-1,OTHER
THURB-2,T_THURB-2,OTHER
THURB-3,T_THURB-3,OTHER
TINSD-1,T_TINSD-1,OTHER
TKNEW-1,T_TKNEW-1,WIND
TKNWW-1,T_TKNWW-1,WIND
TODSD-1,T_TODSD-1,OTHER
TORN-1,T_TORN-1,NUCLEAR
TORN-2,T_TORN-2,NUCLEAR
TORND-1,T_TORN-D,OTHER
TRLGW-1,T_TRLGW-1,WIND
TSREP-1,T_TSREP-1,BIOMASS
TWSHW-1,T_TWSHW-1,WIND
TYLNB-1,T_TYLNB-1,OTHER
USKM-13,T_USKM-13,BIOMASS
USKM-14,T_USKM-14,BIOMASS
USKM-15,T_USKM-15,BIOMASS
VKNGW-1,T_VKNGW-1,WIND
VKNGW-2,T_VKNGW-2,WIND
VKNGW-3,T_VKNGW-3,WIND
VKNGW-4,T_VKNGW-4,WIND
WBUGT-1,T_WBUGT-1,OCGT
WBUGT-4,T_WBUGT-4,OCGT
WBUPS-1,T_WBUPS-1,COAL
WBUPS-2,T_WBUPS-2,COAL
WBUPS-3,T_WBUPS-3,COAL
WBUPS-4,T_WBUPS-4,COAL
WBURB-1,T_WBURB-1,CCGT
WBURB-2,T_WBURB-2,CCGT
WBURB-3,T_WBURB-3,CCGT
WBURB-43,T_WBURB-43,OTHER
WDNSO-1,T_WDNSO-1,WIND
WDNSO-2,T_WDNSO-2,WIND
WDRGW-1,T_WDRGW-1,WIND
WHIHW-1,T_WHIHW-1,WIND
WHILW-1,T_WHILW-1,WIND
WHILW-2,T_WHILW-2,WIND
WHTLD-1,T_WHISTLD-1,OTHER
WHLWB-1,T_WHLWB-1,OTHER
WILCT-1,T_WILCT-1,BIOMASS
WISHB-1,T_WISHB-1,OTHER
WISTW-2,T_WISTW-2,WIND
WLNYO-2,T_WLNYO-2,WIND
WLNYO-3,T_WLNYO-3,WIND
WLNYO-4,T_WLNYO-4,WIND
WLNYW-1,T_WLNYW-1,WIND
WTMSO-1,T_WTMSO-1,WIND
TRMFD-1,T__KYELT003,OTHER
RHAMD-1,T__MYELT001,OTHER
AG-FLX09A,V__AFLEX002,OTHER
AG-FLX0AA,V__AFLEX003,OTHER
AG-GBL0IA,V__AGBLO018,OTHER
ZEN02A,V__AZENO002,OTHER
AG-ADL00B,V__BADEL001,OTHER
AG-CBS06B,V__BCEND004,OTHER
ERV00B,V__BEROV001,OTHER
AG-GZP06B,V__BGAZP001,OTHER
AG-GBL01B,V__BGBLO001,OTHER
AG-GBL09B,V__BGBLO009,OTHER
AG-GBL0KB,V__BGBLO020,OTHER
AG-GBL0LB,V__BGBLO021,OTHER
AG-LLT00B,V__BLEVE001,OTHER
AG-GBL05D,V__DGBLO001,OTHER
AG-ADL03E,V__EADEL001,OTHER
AG-GZP05E,V__EGAZP001,OTHER
AG-GBL02E,V__EGBLO001,OTHER
AG-GBL0AE,V__EGBLO010,OTHER
AG-GBL0BE,V__EGBLO011,OTHER
AG-GBL0CE,V__EGBLO012,OTHER
AG-GBL03F,V__FGBLO001,OTHER
AG-ADL02G,V__GADEL001,OTHER
AG-GZP07G,V__GGAZP001,OTHER
AG-GBL06G,V__GGBLO001,OTHER
AG-HEL00G,V__GHABI001,OTHER
AG-HEL0AG,V__GHABI002,OTHER
AG-ADL05H,V__HADEL002,OTHER
AG-FLX0BH,V__HFLEX002,OTHER
AG-GBL08H,V__HGBLO001,OTHER
AG-HEL01H,V__HHABI001,OTHER
AG-LLT01H,V__HLEVE001,OTHER
AG-ZEN7H,V__HZENO004,OTHER
AG-ADL04H,V__JADEL001,OTHER
AG-ZEN03J,V__JZENO001,OTHER
AG-AXL00K,V__KAXLE001,OTHER
AG-GZP03K,V__KGAZP001,OTHER
AG-GZP04K,V__KGAZP002,OTHER
AG-CBS02L,V__LCEND001,OTHER
AG-CBS05L,V__LCEND005,OTHER
AG-FLX00L,V__LFLEX001,OTHER
AG-LLT02L,V__LLEVE001,OTHER
AG-ADL01M,V__MADEL001,OTHER
AG-CBS08M,V__MCEND001,OTHER
AG-ERV01M,V__MEROV001,OTHER
AG-FLX06M,V__MFLEX001,OTHER
AG-GZP08M,V__MGAZP001,OTHER
AG-GBL04M,V__MGBLO001,OTHER
AG-GBL0FM,V__MGBLO015,OTHER
AG-GBL0GM,V__MGBLO016,OTHER
AG-GBL0HM,V__MGBLO017,OTHER
AG-GBL0MM,V__MGBLO022,OTHER
AG-FLX02N,V__NFLEX001,OTHER
AG-GBL07N,V__NGBLO001,OTHER
AG-GBL0DN,V__NGBLO013,OTHER
AG-GBL0EN,V__NGBLO014,OTHER
AG-GBL0NN,V__NGBLO023,OTHER
AG-HEL0DN,V__NHABI005,OTHER
AG-FLX01P,V__PFLEX001,OTHER
AG-GBL0JP,V__PGBLO019,OTHER
AG-HEL0CP,V__PHABI004,OTHER
AG-HEL0EP,V__PHABI006,OTHER
AG-HAB01P,V__PHABI010,OTHER
,I_I2D-EENG1,INTIFA2
,I_I2D-TILD1,INTIFA2
,I_I2D-VTUS1,INTIFA2
,I_I2G-EENG1,INTIFA2
,I_I2G-TILD1,INTIFA2
,I_I2G-VTUS1,INTIFA2
,I_IBD-IMTC1,INTNED
,I_IBD-TILD1,INTNED
,I_IBG-BAYW1,INTNED
,I_IBG-IMTC1,INTNED
,I_IBG-TILD1,INTNED
,I_IFD-EENG1,INTFR
,I_IFD-TILD1,INTFR
,I_IFG-EENG1,INTFR
,I_IFG-TILD1,INTFR
,I_ILD-EENG1,INTELEC
,I_ILG-EENG1,INTELEC
,I_IND-DVTD1,INTNEM
,I_IND-SCAL1,INTNEM
,I_IND-SMAR1,INTNEM
,I_ING-DVTD1,INTNEM
,I_ING-IMTC1,INTNEM
,I_ING-SCAL1,INTNEM
,I_ING-SMAR1,INTNEM
,I_IVD-ENGE1,INTVKL
,I_IVD-SCAL1,INTVKL
,I_IVD-SSEG1,INTVKL
,I_IVD-TILD1,INTVKL
,I_IVD-VISC1,INTVKL
,I_IVG-ENGE1,INTVKL
,I_IVG-IMTC1,INTVKL
,I_IVG-SCAL1,INTVKL
,I_IVG-SSEG1,INTVKL
,I_IVG-TILD1,INTVKL
,I_IVG-VISC1,INTVKL
LAIG-1,2__PIMPO001,NPSHYD
LOCG-1,2__PIMPO002,NPSHYD
SROM-1,2__PIMPO003,NPSHYD
STVE-1,2__PIMPO004,NPSHYD
STVE-2,2__PIMPO005,NPSHYD
AG-GSTK14,2_GSTAT014,OTHER
AG-PSTK01,2_PSTAT001,OTHER
PETDG-1,2__ACNDL001,OTHER
AG-MCET01,2__AGMCET00,OTHER
EAS-MSG01,2__AMSCG000,OTHER
EAS-BET01,2__ANELC000,OTHER
AG-AUKP02,2__AUKP002,OTHER
AG-AUKP03,2__AUKP003,OTHER
BFSE03,2__BFSEN006,OTHER
EMD-MSG01,2__BMSCG000,OTHER
EMD-BET01,2__BNELC000,OTHER
EMD-SELA1,2__BSMAR001,OTHER
AG-BUKP02,2__BUKP002,OTHER
AG-BUKP03,2__BUKP003,OTHER
LON-MSG01,2__CMSCG000,OTHER
LON-BET01,2__CNELC000,OTHER
MNW-MSG01,2__DMSCG000,OTHER
MNW-BET01,2__DNELC000,OTHER
MNW-PGU02,2__DPGEN001,OTHER
MNW-PGU03,2__DPGEN002,OTHER
AG-REC07E,2__EECOT001,OTHER
AG-EFSE01,2__EFSEN003,OTHER
MID-MSG01,2__EMSCG000,OTHER
MID-BET01,2__ENELC000,OTHER
NEE-INE01,2__FINDE000,OTHER
NEE-MSG01,2__FMSCG000,OTHER
NEE-BET01,2__FNELC000,OTHER
NWP-MSG01,2__GMSCG000,OTHER
NWP-BET01,2__GNELC000,OTHER
HFSE01,2__HFSEN005,OTHER
STH-MSG01,2__HMSCG000,OTHER
STH-BET01,2__HNELC000,OTHER
SEE-MSG01,2__JMSCG000,OTHER
SEE-BET01,2__JNELC000,OTHER
SHESD-1,2__JRWED001,OTHER
SWA-MSG01,2__KMSCG000,OTHER
SWA-BET01,2__KNELC000,OTHER
SWT-MSG01,2__LMSCG000,OTHER
SWT-BET01,2__LNELC000,OTHER
YEP-MSG01,2__MMSCG000,OTHER
YEP-BET01,2__MNELC000,OTHER
YEP-PGU03,2__MPGEN001,OTHER
YEP-PGU02,2__MPGEN002,OTHER
NFSE01,2__NFSEN005,OTHER
SSC-MSG01,2__NMSCG000,OTHER
SSC-BET01,2__NNELC000,OTHER
NSC-MSG01,2__PMSCG000,OTHER
NSC-BET01,2__PNELC000,OTHER
BENTB-1,E_BENTB-1,OTHER
BLYDB-1,E_BLYDB-1,OTHER
BLYDB-2,E_BLYDB-2,OTHER
BLYDD-1,E_BLYDD-1,OTHER
CUXTB-1,E_CUXTB-1,OTHER
MARK-2,E_MARK-2,OTHER
RIVEN-1,E_RIVEN-1,OTHER
SHOPD-1,E_SHOT-P,OTHER
IVD-VKL1,I_IVD-VKL1,OTHER
IVG-VKL1,I_IVG-VKL1,OTHER
COALD-1,T_COALD-1,OTHER
COCKD-1,T_COCKD-1,OTHER
EGGPD-1,T_EGGPS-D,OTHER
FOXJD-1,T_FOXJD-1,OTHER
FOXJD-2,T_FOXJD-2,OTHER
INQSB-1,T_INQSB-1,OTHER
LEGCB-1,T_LEGCB-1,OTHER
LITTD1,T_LITTD1,OTHER
LITTD2,T_LITTD2,OTHER
LITTD3,T_LITTD3,OTHER
LOAND-1,T_LOAND-1,OTHER
LOAND-2,T_LOAND-2,OTHER
PMBSC-61,T_PMBSC-61,OTHER
SOAYS-1,T_SOAYS-1,OTHER
UNPKD-1,T_UNPKD-1,OTHER
UNPKD-2,T_UNPKD-2,OTHER
ZEN02A,V_AZENO002,OTHER
AG-HAB02B,V__BHAB012,OTHER
AG-HAB01B,V__BHAB013,OTHER
AG-HAB01F,V__FHAB014,OTHER
AG-HAB01D,V__GHAB016,OTHER
AG-FOR02N,V__NFORS006,OTHER
AG-HAB03P,V__PHAB015,OTHER
,T_WBURB-41,CCGT
,E_WINN-1,CCGT
,V__ECEND007,OTHER
,E_MARK-1,OTHER
,E_TGP1,OTHER
,2__JEOND000,OTHER
,E_SOLUTIA,GAS
,2__MAXPO000,OTHER
,E__MDRX002,OTHER
